League,Team,Player,Nation,Age,MatchesPlayed,MinutesPlayed,Goals,Assists,Sot%,SoT/90,xG,keyPasses,FinalThirdPasses,PrgP
ENG-Premier League,Arsenal,Gabriel Jesus,BRA,28-046,17,608,3,0,35.0,1.04,3.0,8.0,10.0,19.0
ENG-Premier League,Arsenal,Leandro Trossard,BEL,30-166,37,2518,8,6,29.6,0.75,7.1,40.0,45.0,101.0
ENG-Premier League,Arsenal,Nathan Butler-Oyedeji,ENG,22-135,1,7,0,0,100.0,12.86,0.1,0.0,0.0,0.0
ENG-Premier League,Aston Villa,Donyell Malen,NED,26-130,13,298,3,0,60.0,2.72,2.2,2.0,2.0,5.0
ENG-Premier League,Aston Villa,Donyell Malen,NED,26-130,13,298,3,0,60.0,2.72,2.2,1.0,6.0,17.0
ENG-Premier League,Aston Villa,Donyell Malen,NED,26-130,14,614,3,0,60.0,2.72,2.2,2.0,2.0,5.0
ENG-Premier League,Aston Villa,Donyell Malen,NED,26-130,14,614,3,0,60.0,2.72,2.2,1.0,6.0,17.0
ENG-Premier League,Aston Villa,Jáder Durán,COL,21-157,20,638,7,0,48.4,2.12,4.9,4.0,10.0,13.0
ENG-Premier League,Aston Villa,Marcus Rashford,ENG,27-200,10,444,2,2,27.8,1.01,3.1,13.0,2.0,13.0
ENG-Premier League,Aston Villa,Marcus Rashford,ENG,27-200,10,444,2,2,27.8,1.01,3.1,15.0,13.0,21.0
ENG-Premier League,Aston Villa,Marcus Rashford,ENG,27-200,15,978,4,1,27.8,1.01,3.1,13.0,2.0,13.0
ENG-Premier League,Aston Villa,Marcus Rashford,ENG,27-200,15,978,4,1,27.8,1.01,3.1,15.0,13.0,21.0
ENG-Premier League,Aston Villa,Ollie Watkins,ENG,29-140,37,2508,16,8,43.9,1.29,15.3,24.0,12.0,29.0
ENG-Premier League,Bournemouth,Antoine Semenyo,GHA,25-132,35,3023,9,5,31.7,1.13,9.5,46.0,48.0,107.0
ENG-Premier League,Bournemouth,Dango Ouattara,BFA,23-097,32,2005,7,4,32.3,0.9,8.4,35.0,21.0,43.0
ENG-Premier League,Bournemouth,Daniel Jebbison,ENG,21-279,14,83,0,0,33.3,1.08,0.7,3.0,1.0,3.0
ENG-Premier League,Bournemouth,Evanilson,BRA,25-225,29,2148,10,1,45.6,1.3,11.7,23.0,14.0,25.0
ENG-Premier League,Brentford,Bryan Mbeumo,CMR,25-285,37,3324,19,7,42.9,0.89,12.0,68.0,63.0,138.0
ENG-Premier League,Brentford,Kevin Schade,GER,23-173,37,2214,11,2,47.2,1.02,8.1,22.0,31.0,36.0
ENG-Premier League,Brentford,Yoane Wissa,COD,28-258,34,2829,19,4,46.0,1.27,18.3,25.0,43.0,64.0
ENG-Premier League,Brighton,Danny Welbeck,ENG,34-174,29,2032,10,4,37.7,0.89,8.9,20.0,17.0,45.0
ENG-Premier League,Brighton,Evan Ferguson,IRL,20-212,13,246,1,0,28.6,0.73,0.5,3.0,1.0,1.0
ENG-Premier League,Brighton,Evan Ferguson,IRL,20-212,13,246,1,0,28.6,0.73,0.5,2.0,1.0,1.0
ENG-Premier League,Brighton,Evan Ferguson,IRL,20-212,8,156,0,0,28.6,0.73,0.5,3.0,1.0,1.0
ENG-Premier League,Brighton,Evan Ferguson,IRL,20-212,8,156,0,0,28.6,0.73,0.5,2.0,1.0,1.0
ENG-Premier League,Chelsea,Christopher Nkunku,FRA,27-186,27,921,3,2,44.0,1.07,4.8,14.0,26.0,25.0
ENG-Premier League,Chelsea,Jadon Sancho,ENG,25-055,30,1703,3,4,33.3,0.42,2.2,37.0,26.0,88.0
ENG-Premier League,Chelsea,Mykhailo Mudryk,UKR,24-134,7,151,0,0,100.0,0.6,0.3,2.0,2.0,5.0
ENG-Premier League,Chelsea,Nicolas Jackson,SEN,23-333,30,2220,10,5,44.7,1.38,12.3,28.0,22.0,38.0
ENG-Premier League,Chelsea,Noni Madueke,ENG,23-070,31,1948,7,3,38.0,1.39,9.6,32.0,14.0,68.0
ENG-Premier League,Chelsea,Pedro Neto,POR,25-071,34,2192,4,5,29.8,0.7,3.2,45.0,30.0,60.0
ENG-Premier League,Chelsea,Tyrique George,ENG,19-104,8,183,1,1,33.3,0.49,0.2,6.0,0.0,3.0
ENG-Premier League,Crystal Palace,Jean-Philippe Mateta,FRA,27-325,35,2577,14,2,41.5,0.94,12.7,29.0,33.0,51.0
ENG-Premier League,Everton,Armando Broja,ALB,23-251,10,334,0,0,0.0,0.0,0.1,4.0,3.0,2.0
ENG-Premier League,Everton,Beto,GNB,27-108,29,1447,8,0,50.0,1.43,8.0,10.0,7.0,16.0
ENG-Premier League,Everton,Dominic Calvert-Lewin,ENG,28-064,25,1605,3,1,37.5,1.01,6.3,7.0,20.0,20.0
ENG-Premier League,Everton,Iliman Ndiaye,SEN,25-074,32,2356,9,0,44.1,0.57,6.2,18.0,40.0,58.0
ENG-Premier League,Everton,Jack Harrison,ENG,28-180,33,1986,1,0,25.0,0.32,3.5,33.0,28.0,48.0
ENG-Premier League,Everton,Jesper Lindstrøm,DEN,25-079,25,1239,0,1,35.7,0.73,2.1,19.0,18.0,25.0
ENG-Premier League,Fulham,Raúl Jiménez,MEX,34-014,37,2404,12,3,33.0,1.12,11.7,24.0,40.0,61.0
ENG-Premier League,Fulham,Reiss Nelson,ENG,25-160,1,3,0,0,50.0,1.11,1.1,0.0,0.0,0.0
ENG-Premier League,Fulham,Reiss Nelson,ENG,25-160,1,3,0,0,50.0,1.11,1.1,13.0,7.0,35.0
ENG-Premier League,Fulham,Reiss Nelson,ENG,25-160,11,487,1,1,50.0,1.11,1.1,0.0,0.0,0.0
ENG-Premier League,Fulham,Reiss Nelson,ENG,25-160,11,487,1,1,50.0,1.11,1.1,13.0,7.0,35.0
ENG-Premier League,Fulham,Rodrigo Muniz,BRA,24-015,31,964,8,1,48.7,1.77,5.8,7.0,13.0,27.0
ENG-Premier League,Ipswich Town,Ali Al Hamadi,IRQ,23-079,11,134,0,0,0.0,0.0,0.4,2.0,0.0,3.0
ENG-Premier League,Ipswich Town,George Hirst,SCO,26-093,25,592,3,1,50.0,1.06,2.1,4.0,1.0,13.0
ENG-Premier League,Ipswich Town,Liam Delap,ENG,22-100,36,2572,12,2,44.6,1.01,9.3,21.0,17.0,30.0
ENG-Premier League,Leicester City,Abdul Fatawu Issahaku,GHA,21-072,11,579,0,2,38.5,0.78,0.4,6.0,7.0,17.0
ENG-Premier League,Leicester City,Bobby De Cordova-Reid,JAM,32-106,23,744,1,2,42.9,0.36,0.8,6.0,9.0,15.0
ENG-Premier League,Leicester City,Jamie Vardy,ENG,38-128,35,2823,9,4,41.1,0.73,11.2,19.0,11.0,22.0
ENG-Premier League,Leicester City,Stephy Mavididi,ENG,26-353,30,1615,4,1,26.9,0.39,1.8,22.0,32.0,57.0
ENG-Premier League,Liverpool,Cody Gakpo,NED,26-012,33,1783,10,3,41.5,1.11,6.9,34.0,22.0,52.0
ENG-Premier League,Liverpool,Darwin Núñez,URU,25-329,28,1075,5,2,36.4,1.0,5.3,10.0,9.0,27.0
ENG-Premier League,Liverpool,Diogo Jota,POR,28-166,25,1166,6,3,26.5,1.0,7.6,11.0,29.0,33.0
ENG-Premier League,Liverpool,Federico Chiesa,ITA,27-206,5,46,0,0,50.0,3.91,0.2,0.0,3.0,2.0
ENG-Premier League,Liverpool,Luis Díaz,COL,28-126,34,2303,13,5,43.3,1.13,11.3,55.0,48.0,106.0
ENG-Premier League,Liverpool,Mohamed Salah,EGY,32-338,36,3191,28,18,42.0,1.33,24.0,84.0,50.0,137.0
ENG-Premier League,Manchester City,Divin Mubama,ENG,20-206,1,28,0,0,0.0,0.0,0.0,0.0,0.0,1.0
ENG-Premier League,Manchester City,Erling Haaland,NOR,24-302,29,2570,21,3,54.0,1.89,20.9,28.0,9.0,18.0
ENG-Premier League,Manchester Utd,Chidozie Obi-Martin,DEN,17-171,6,155,0,0,25.0,0.58,0.6,0.0,1.0,1.0
ENG-Premier League,Manchester Utd,Rasmus Højlund,DEN,22-104,31,1924,4,0,38.7,0.56,5.2,14.0,13.0,17.0
ENG-Premier League,Newcastle Utd,Alexander Isak,SWE,25-240,33,2666,23,6,42.4,1.32,20.2,41.0,33.0,84.0
ENG-Premier League,Newcastle Utd,Callum Wilson,ENG,33-081,17,349,0,0,16.7,0.26,0.4,3.0,1.0,4.0
ENG-Premier League,Newcastle Utd,Harvey Barnes,ENG,27-161,32,1668,9,4,32.3,1.08,7.1,25.0,25.0,82.0
ENG-Premier League,Newcastle Utd,Jacob Murphy,ENG,30-084,34,2291,8,12,34.9,0.59,5.7,42.0,53.0,80.0
ENG-Premier League,Newcastle Utd,Miguel Almirón,PAR,31-098,9,157,0,0,33.3,1.15,0.5,3.0,3.0,6.0
ENG-Premier League,Newcastle Utd,William Osula,DEN,21-288,13,131,1,0,33.3,0.69,0.1,1.0,0.0,2.0
ENG-Premier League,Nott'ham Forest,Chris Wood,NZL,33-163,35,2869,20,3,51.6,1.0,12.6,22.0,19.0,41.0
ENG-Premier League,Nott'ham Forest,Taiwo Awoniyi,NGA,27-280,26,416,1,0,40.0,0.87,2.1,2.0,5.0,7.0
ENG-Premier League,Southampton,Ben Brereton,CHI,26-031,10,449,0,0,9.1,0.2,0.9,3.0,9.0,9.0
ENG-Premier League,Southampton,Cameron Archer,ENG,23-302,34,1429,2,0,35.7,0.63,5.7,5.0,7.0,14.0
ENG-Premier League,Southampton,Maxwel Cornet,CIV,28-234,2,72,0,0,0.0,0.0,0.2,0.0,0.0,0.0
ENG-Premier League,Southampton,Maxwel Cornet,CIV,28-234,2,72,0,0,0.0,0.0,0.2,5.0,2.0,4.0
ENG-Premier League,Southampton,Maxwel Cornet,CIV,28-234,6,237,2,1,0.0,0.0,0.2,0.0,0.0,0.0
ENG-Premier League,Southampton,Maxwel Cornet,CIV,28-234,6,237,2,1,0.0,0.0,0.2,5.0,2.0,4.0
ENG-Premier League,Southampton,Paul Onuachu,NGA,30-356,24,1029,4,1,44.1,1.31,3.6,8.0,13.0,13.0
ENG-Premier League,Southampton,Ross Stewart,SCO,28-312,11,320,0,0,14.3,0.28,0.8,0.0,2.0,2.0
ENG-Premier League,Tottenham,Brennan Johnson,WAL,23-361,32,2087,11,3,37.7,0.86,9.8,19.0,25.0,70.0
ENG-Premier League,Tottenham,Dominic Solanke,ENG,27-247,26,2136,8,3,40.7,1.01,10.1,14.0,28.0,47.0
ENG-Premier League,Tottenham,Mathys Tel,FRA,20-022,12,829,2,1,35.0,0.76,2.3,13.0,11.0,19.0
ENG-Premier League,Tottenham,Mathys Tel,FRA,20-022,12,829,2,1,35.0,0.76,2.3,1.0,5.0,9.0
ENG-Premier League,Tottenham,Mathys Tel,FRA,20-022,8,256,0,1,35.0,0.76,2.3,13.0,11.0,19.0
ENG-Premier League,Tottenham,Mathys Tel,FRA,20-022,8,256,0,1,35.0,0.76,2.3,1.0,5.0,9.0
ENG-Premier League,Tottenham,Mikey Moore,ENG,17-281,10,366,0,1,0.0,0.0,0.2,3.0,2.0,9.0
ENG-Premier League,Tottenham,Richarlison,BRA,28-009,14,479,4,1,41.2,1.32,3.7,4.0,8.0,11.0
ENG-Premier League,Tottenham,Son Heung-min,KOR,32-315,30,2110,7,9,43.6,1.02,7.2,50.0,41.0,111.0
ENG-Premier League,West Ham,Evan Ferguson,IRL,20-212,13,246,1,0,20.0,0.58,0.6,3.0,1.0,1.0
ENG-Premier League,West Ham,Evan Ferguson,IRL,20-212,13,246,1,0,20.0,0.58,0.6,2.0,1.0,1.0
ENG-Premier League,West Ham,Evan Ferguson,IRL,20-212,8,156,0,0,20.0,0.58,0.6,3.0,1.0,1.0
ENG-Premier League,West Ham,Evan Ferguson,IRL,20-212,8,156,0,0,20.0,0.58,0.6,2.0,1.0,1.0
ENG-Premier League,West Ham,Michail Antonio,JAM,35-052,14,836,1,1,21.1,0.43,2.2,9.0,11.0,18.0
ENG-Premier League,West Ham,Niclas Füllkrug,GER,32-099,17,719,3,2,40.0,0.75,2.0,13.0,11.0,13.0
ENG-Premier League,Wolves,Jørgen Strand Larsen,NOR,25-102,33,2495,13,2,60.4,1.15,10.0,19.0,18.0,29.0
ESP-La Liga,Alavés,Asier Villalibre,ESP,27-231,16,333,1,1,12.5,0.27,1.6,1.0,3.0,7.0
ESP-La Liga,Alavés,Kiké,ESP,35-175,34,2480,13,0,42.1,0.87,9.3,13.0,29.0,48.0
ESP-La Liga,Athletic Club,Gorka Guruzeta,ESP,28-249,36,1840,7,2,32.2,0.93,6.8,15.0,23.0,31.0
ESP-La Liga,Athletic Club,Iñaki Williams,GHA,30-338,34,2641,6,8,38.1,0.82,7.6,43.0,38.0,76.0
ESP-La Liga,Athletic Club,Maroan Sannadi,ESP,24-107,15,664,1,1,41.2,0.95,3.0,7.0,11.0,14.0
ESP-La Liga,Athletic Club,Nico Williams,ESP,22-311,28,1917,5,5,36.5,0.89,3.9,39.0,23.0,68.0
ESP-La Liga,Athletic Club,Nicolás Serrano,ESP,22-075,4,112,0,0,20.0,0.8,0.2,1.0,2.0,4.0
ESP-La Liga,Athletic Club,Álvaro djaló,ESP,25-276,17,659,1,0,20.0,0.41,0.8,4.0,6.0,13.0
ESP-La Liga,Atlético Madrid,Adrian Niño,ESP,20-334,1,12,0,0,0.0,0.0,0.2,0.0,0.0,0.0
ESP-La Liga,Atlético Madrid,Alexander Sørloth,NOR,29-165,34,1537,17,2,48.6,2.11,15.3,13.0,19.0,31.0
ESP-La Liga,Atlético Madrid,Julián Álvarez,ARG,25-108,36,2419,17,3,49.3,1.23,14.0,39.0,43.0,85.0
ESP-La Liga,Barcelona,Ansu Fati,ESP,22-200,6,233,0,0,41.7,1.93,1.0,4.0,3.0,6.0
ESP-La Liga,Barcelona,Daniel Rodriguez,ESP,19-283,1,37,0,0,0.0,0.0,0.0,0.0,0.0,2.0
ESP-La Liga,Barcelona,Lamine Yamal,ESP,17-310,34,2766,9,13,32.1,1.46,9.6,64.0,75.0,156.0
ESP-La Liga,Barcelona,Pau Victor Delgado,ESP,23-174,20,317,2,1,57.1,2.27,3.0,8.0,5.0,11.0
ESP-La Liga,Barcelona,Robert Lewandowski,POL,36-271,33,2579,25,2,40.6,1.5,24.8,19.0,31.0,48.0
ESP-La Liga,Betis,Antony,BRA,25-084,8,141,0,0,39.0,1.13,2.7,3.0,1.0,6.0
ESP-La Liga,Betis,Antony,BRA,25-084,8,141,0,0,39.0,1.13,2.7,33.0,32.0,63.0
ESP-La Liga,Betis,Antony,BRA,25-084,16,1272,4,2,39.0,1.13,2.7,3.0,1.0,6.0
ESP-La Liga,Betis,Antony,BRA,25-084,16,1272,4,2,39.0,1.13,2.7,33.0,32.0,63.0
ESP-La Liga,Betis,Assane Diao,SEN,19-254,10,277,1,2,14.3,0.32,0.8,8.0,2.0,1.0
ESP-La Liga,Betis,Assane Diao,SEN,19-254,10,277,1,2,14.3,0.32,0.8,8.0,13.0,36.0
ESP-La Liga,Betis,Assane Diao,SEN,19-254,15,1252,8,1,14.3,0.32,0.8,8.0,2.0,1.0
ESP-La Liga,Betis,Assane Diao,SEN,19-254,15,1252,8,1,14.3,0.32,0.8,8.0,13.0,36.0
ESP-La Liga,Betis,Cucho,COL,26-029,14,1080,5,1,26.8,0.92,3.8,13.0,18.0,33.0
ESP-La Liga,Betis,Cédric Bakambu,COD,34-038,24,679,2,2,47.8,1.46,3.1,8.0,9.0,14.0
ESP-La Liga,Betis,Ezequiel Ávila,ARG,31-102,19,677,2,0,50.0,1.33,1.5,15.0,1.0,18.0
ESP-La Liga,Betis,Jesus Rodríguez,ESP,19-179,20,1052,2,0,36.4,0.68,2.3,8.0,14.0,33.0
ESP-La Liga,Betis,Rodri,ESP,25-003,2,65,0,0,100.0,1.53,0.2,1.0,3.0,4.0
ESP-La Liga,Betis,Rodri,ESP,25-003,2,65,0,0,100.0,1.53,0.2,2.0,4.0,8.0
ESP-La Liga,Betis,Rodri,ESP,25-003,3,118,0,0,100.0,1.53,0.2,1.0,3.0,4.0
ESP-La Liga,Betis,Rodri,ESP,25-003,3,118,0,0,100.0,1.53,0.2,2.0,4.0,8.0
ESP-La Liga,Betis,Vitor Roque,BRA,20-080,22,1235,4,0,43.9,1.31,6.1,12.0,4.0,17.0
ESP-La Liga,Celta Vigo,Anastasios Douvikas,GRE,25-290,20,700,3,1,52.9,1.16,4.4,3.0,2.0,6.0
ESP-La Liga,Celta Vigo,Anastasios Douvikas,GRE,25-290,20,700,3,1,52.9,1.16,4.4,8.0,5.0,5.0
ESP-La Liga,Celta Vigo,Anastasios Douvikas,GRE,25-290,12,528,2,2,52.9,1.16,4.4,3.0,2.0,6.0
ESP-La Liga,Celta Vigo,Anastasios Douvikas,GRE,25-290,12,528,2,2,52.9,1.16,4.4,8.0,5.0,5.0
ESP-La Liga,Celta Vigo,Borja Iglesias,ESP,32-122,36,1880,10,3,59.1,1.24,8.6,18.0,19.0,28.0
ESP-La Liga,Espanyol,Alejo Véliz,ARG,21-242,26,1089,1,0,33.3,0.5,2.2,3.0,9.0,8.0
ESP-La Liga,Espanyol,Roberto Férnandez,ESP,22-320,18,1419,6,0,45.0,0.57,3.4,7.0,9.0,16.0
ESP-La Liga,Espanyol,Walid Cheddira,MAR,27-117,22,640,1,1,30.8,0.56,1.0,6.0,3.0,12.0
ESP-La Liga,Espanyol,Walid Cheddira,MAR,27-117,22,640,1,1,30.8,0.56,1.0,1.0,1.0,1.0
ESP-La Liga,Espanyol,Walid Cheddira,MAR,27-117,1,12,0,0,30.8,0.56,1.0,6.0,3.0,12.0
ESP-La Liga,Espanyol,Walid Cheddira,MAR,27-117,1,12,0,0,30.8,0.56,1.0,1.0,1.0,1.0
ESP-La Liga,Getafe,Bertuğ Yıldırım,TUR,22-311,21,1071,1,0,36.8,0.59,2.5,9.0,9.0,14.0
ESP-La Liga,Getafe,Borja Mayoral,ESP,28-044,23,1036,4,1,41.2,0.61,3.2,7.0,11.0,12.0
ESP-La Liga,Getafe,Álvaro Rodríguez,URU,20-309,22,852,2,0,40.0,1.06,1.2,5.0,15.0,13.0
ESP-La Liga,Girona,Abel Ruiz,ESP,25-111,22,1328,4,0,33.3,0.47,4.6,8.0,15.0,24.0
ESP-La Liga,Girona,Bojan Miovski,MKD,25-329,17,869,2,1,28.6,0.41,2.7,4.0,2.0,4.0
ESP-La Liga,Girona,Cristhian Stuani,URU,38-219,31,990,11,2,51.6,1.45,8.1,6.0,0.0,8.0
ESP-La Liga,Las Palmas,Fábio Silva,POR,22-304,24,1866,10,3,43.5,0.96,8.8,16.0,13.0,26.0
ESP-La Liga,Las Palmas,Oliver McBurnie,SCO,28-349,33,1826,3,6,37.5,0.59,4.8,24.0,23.0,27.0
ESP-La Liga,Las Palmas,Pejiño,ESP,28-294,1,16,0,0,0.0,0.0,0.0,0.0,0.0,1.0
ESP-La Liga,Leganés,Diego,ESP,25-031,27,1167,3,0,32.1,0.69,3.7,6.0,8.0,16.0
ESP-La Liga,Leganés,Miguel,ESP,25-258,33,1708,1,3,42.4,0.74,4.9,7.0,9.0,16.0
ESP-La Liga,Leganés,Sébastien Haller,CIV,30-331,8,404,0,0,25.0,0.22,0.4,1.0,4.0,4.0
ESP-La Liga,Mallorca,Cyle Larin,CAN,30-032,31,1738,7,2,35.1,0.67,6.8,8.0,10.0,19.0
ESP-La Liga,Mallorca,Javier Llabrés,ESP,22-250,1,57,0,0,0.0,0.0,0.0,1.0,0.0,3.0
ESP-La Liga,Mallorca,Vedat Muriqi,KVX,31-025,28,1994,7,2,32.7,0.72,9.5,25.0,23.0,30.0
ESP-La Liga,Osasuna,Ante Budimir,CRO,33-301,37,2862,21,4,31.0,0.85,18.0,16.0,12.0,24.0
ESP-La Liga,Rayo Vallecano,Randy Nteka,ANG,27-164,24,1129,3,0,50.0,0.64,2.6,9.0,5.0,8.0
ESP-La Liga,Rayo Vallecano,Sergi Guardiola,ESP,33-355,16,362,0,0,27.3,0.75,2.4,5.0,2.0,3.0
ESP-La Liga,Rayo Vallecano,Sergio Camello,ESP,24-098,23,1134,3,2,28.1,0.71,4.1,19.0,12.0,27.0
ESP-La Liga,Real Madrid,Endrick,BRA,18-302,22,363,1,0,25.0,1.49,2.5,4.0,1.0,8.0
ESP-La Liga,Real Madrid,Kylian Mbappé,FRA,26-150,33,2817,29,3,49.0,2.27,23.8,50.0,72.0,134.0
ESP-La Liga,Real Madrid,Vinicius Júnior,BRA,24-311,29,2217,11,7,29.9,0.93,10.2,57.0,53.0,82.0
ESP-La Liga,Real Sociedad,Mikel Oyarzabal,ESP,28-028,34,2230,9,3,33.3,0.52,9.9,14.0,19.0,28.0
ESP-La Liga,Real Sociedad,Orri Steinn Óskarsson,ISL,20-263,23,944,3,0,36.8,0.67,5.2,5.0,4.0,9.0
ESP-La Liga,Real Sociedad,Umar Sadiq,NGA,28-106,7,227,0,0,0.0,0.0,0.2,1.0,2.0,5.0
ESP-La Liga,Real Sociedad,Umar Sadiq,NGA,28-106,7,227,0,0,0.0,0.0,0.2,6.0,4.0,7.0
ESP-La Liga,Real Sociedad,Umar Sadiq,NGA,28-106,15,770,5,0,0.0,0.0,0.2,1.0,2.0,5.0
ESP-La Liga,Real Sociedad,Umar Sadiq,NGA,28-106,15,770,5,0,0.0,0.0,0.2,6.0,4.0,7.0
ESP-La Liga,Sevilla,Akor Adams,NGA,25-110,4,134,0,0,50.0,0.67,0.4,0.0,3.0,5.0
ESP-La Liga,Sevilla,Akor Adams,NGA,25-110,4,134,0,0,50.0,0.67,0.4,12.0,8.0,6.0
ESP-La Liga,Sevilla,Akor Adams,NGA,25-110,15,1075,3,1,50.0,0.67,0.4,0.0,3.0,5.0
ESP-La Liga,Sevilla,Akor Adams,NGA,25-110,15,1075,3,1,50.0,0.67,0.4,12.0,8.0,6.0
ESP-La Liga,Sevilla,Chidera Ejuke,NGA,27-137,24,962,2,1,40.0,0.75,1.1,20.0,17.0,37.0
ESP-La Liga,Sevilla,Diego Iturralde,ESP,22-033,1,37,0,0,0.0,0.0,0.1,0.0,0.0,0.0
ESP-La Liga,Sevilla,Dodi Lukebakio,BEL,27-237,37,3047,11,2,41.6,1.09,9.9,53.0,49.0,90.0
ESP-La Liga,Sevilla,Isaac Romero,ESP,25-001,31,2156,4,2,32.1,0.71,6.8,20.0,20.0,29.0
ESP-La Liga,Sevilla,Kelechi Iheanacho,NGA,28-228,9,400,0,0,22.2,0.45,1.5,5.0,1.0,5.0
ESP-La Liga,Sevilla,Leandro Antonetti,PUR,22-126,2,28,0,0,100.0,3.21,0.1,1.0,0.0,0.0
ESP-La Liga,Sevilla,Lucas Ocampos,ARG,30-312,2,175,0,1,50.0,1.03,0.2,3.0,8.0,7.0
ESP-La Liga,Sevilla,Álvaro Pascual,ESP,23-138,7,346,1,0,40.0,1.04,0.0,0.0,2.0,0.0
ESP-La Liga,Valencia,Dani Gómez,ESP,26-293,14,532,2,0,42.9,1.02,2.7,1.0,3.0,6.0
ESP-La Liga,Valencia,Hugo Duro,ESP,25-190,30,2131,11,2,33.3,0.68,9.4,14.0,18.0,28.0
ESP-La Liga,Valencia,Umar Sadiq,NGA,28-106,7,227,0,0,35.0,0.82,3.4,1.0,2.0,5.0
ESP-La Liga,Valencia,Umar Sadiq,NGA,28-106,7,227,0,0,35.0,0.82,3.4,6.0,4.0,7.0
ESP-La Liga,Valencia,Umar Sadiq,NGA,28-106,15,770,5,0,35.0,0.82,3.4,1.0,2.0,5.0
ESP-La Liga,Valencia,Umar Sadiq,NGA,28-106,15,770,5,0,35.0,0.82,3.4,6.0,4.0,7.0
ESP-La Liga,Valladolid,Adrian Baquerin,ESP,18-076,4,30,0,0,0.0,0.0,0.1,0.0,0.0,1.0
ESP-La Liga,Valladolid,Juanmi Latasa,ESP,24-057,27,1327,3,0,30.8,0.81,4.2,12.0,9.0,16.0
ESP-La Liga,Valladolid,Marcos André,BRA,28-211,22,1188,1,2,9.1,0.15,2.7,9.0,13.0,16.0
ESP-La Liga,Villarreal,Arnaut Danjuma,NED,28-108,25,1335,2,0,50.0,1.35,0.8,22.0,17.0,41.0
ESP-La Liga,Villarreal,Arnaut Danjuma,NED,28-108,25,1335,2,0,50.0,1.35,0.8,1.0,1.0,1.0
ESP-La Liga,Villarreal,Arnaut Danjuma,NED,28-108,3,200,2,0,50.0,1.35,0.8,22.0,17.0,41.0
ESP-La Liga,Villarreal,Arnaut Danjuma,NED,28-108,3,200,2,0,50.0,1.35,0.8,1.0,1.0,1.0
ESP-La Liga,Villarreal,Ayoze Pérez,ESP,31-294,30,1970,19,2,41.3,1.42,12.7,32.0,37.0,73.0
ESP-La Liga,Villarreal,Gerard Moreno,ESP,33-042,16,687,3,2,39.1,1.18,4.2,17.0,29.0,49.0
ESP-La Liga,Villarreal,Thierno Barry,FRA,22-210,34,2233,11,3,33.3,0.93,12.2,21.0,14.0,27.0
FRA-Ligue 1,Angers,Bamba Dieng,SEN,25-057,18,532,3,0,46.2,1.02,3.1,1.0,2.0,7.0
FRA-Ligue 1,Angers,Esteban Lepaul,FRA,25-031,28,1629,9,0,41.5,0.94,5.1,7.0,13.0,20.0
FRA-Ligue 1,Angers,Farid El Melali,ALG,28-014,32,1893,2,3,30.4,0.67,3.6,25.0,18.0,43.0
FRA-Ligue 1,Angers,Ibrahima Niane,SEN,26-069,24,943,3,1,34.5,0.95,5.7,9.0,13.0,9.0
FRA-Ligue 1,Angers,Jim Allevinah,GAB,30-081,28,1750,1,3,28.6,0.51,4.2,15.0,28.0,48.0
FRA-Ligue 1,Angers,Lanroy Machine,FRA,19-218,2,8,0,0,0.0,0.0,0.1,0.0,0.0,0.0
FRA-Ligue 1,Angers,Sidiki Cherif,FRA,18-155,7,324,0,0,40.0,0.56,0.7,2.0,3.0,3.0
FRA-Ligue 1,Auxerre,Florian Ayé,FRA,28-120,26,575,2,0,25.0,0.47,1.9,3.0,4.0,7.0
FRA-Ligue 1,Auxerre,Theo Bair,CAN,25-265,29,939,2,1,50.0,1.25,3.0,10.0,10.0,16.0
FRA-Ligue 1,Brest,Ibrahim Salah,MAR,23-262,12,358,1,1,30.8,1.01,0.6,6.0,2.0,7.0
FRA-Ligue 1,Brest,Jérémy Le Douaron,FRA,27-028,2,102,0,0,50.0,0.88,0.2,0.0,0.0,1.0
FRA-Ligue 1,Brest,Ludovic Ajorque,FRA,31-083,31,2495,13,2,47.2,0.9,10.4,35.0,29.0,41.0
FRA-Ligue 1,Brest,Mama Samba Baldé,GNB,29-194,27,1149,2,3,27.6,0.63,3.0,16.0,13.0,22.0
FRA-Ligue 1,Brest,Mama Samba Baldé,GNB,29-194,27,1149,2,3,27.6,0.63,3.0,0.0,1.0,1.0
FRA-Ligue 1,Brest,Mama Samba Baldé,GNB,29-194,2,33,0,0,27.6,0.63,3.0,16.0,13.0,22.0
FRA-Ligue 1,Brest,Mama Samba Baldé,GNB,29-194,2,33,0,0,27.6,0.63,3.0,0.0,1.0,1.0
FRA-Ligue 1,Brest,Romain Del Castillo,FRA,29-051,26,1259,6,4,47.1,0.57,4.7,37.0,44.0,61.0
FRA-Ligue 1,Le Havre,André Ayew,GHA,35-153,27,1453,4,1,40.9,0.56,4.3,8.0,7.0,18.0
FRA-Ligue 1,Le Havre,Elysée Logbo,FRA,21-013,1,27,0,0,0.0,0.0,0.2,0.0,0.0,0.0
FRA-Ligue 1,Le Havre,Koka,EGY,32-075,16,851,3,1,40.0,0.85,4.9,5.0,8.0,12.0
FRA-Ligue 1,Le Havre,Steve Ngoura,FRA,20-086,8,289,0,0,20.0,0.62,1.3,2.0,2.0,8.0
FRA-Ligue 1,Lens,Goduine Koyalipou,CTA,25-093,15,885,4,0,33.3,1.42,4.8,10.0,4.0,20.0
FRA-Ligue 1,Lens,M'Bala Nzola,ANG,28-274,21,1460,6,1,38.3,1.11,8.6,20.0,7.0,22.0
FRA-Ligue 1,Lens,Wesley Saïd,FRA,30-030,24,905,3,0,41.2,0.7,3.2,9.0,11.0,24.0
FRA-Ligue 1,Lille,Chuba Akpom,ENG,29-222,14,639,3,1,50.0,1.27,5.0,5.0,1.0,7.0
FRA-Ligue 1,Lille,Jonathan David,CAN,25-125,32,2554,16,5,42.4,0.99,16.2,36.0,29.0,65.0
FRA-Ligue 1,Lille,Mohamed Lamine Bayo,GUI,26-349,12,309,2,1,40.0,1.17,2.2,4.0,1.0,4.0
FRA-Ligue 1,Lyon,Alexandre Lacazette,FRA,33-356,30,2051,15,2,58.5,1.36,16.3,26.0,34.0,66.0
FRA-Ligue 1,Lyon,Georges Mikautadze,GEO,24-200,34,1449,11,6,42.3,1.37,10.3,21.0,21.0,54.0
FRA-Ligue 1,Lyon,Malick Fofana,BEL,20-049,29,1589,5,4,48.4,0.85,3.8,25.0,20.0,45.0
FRA-Ligue 1,Lyon,Mama Samba Baldé,GNB,29-194,27,1149,2,3,0.0,0.0,0.1,16.0,13.0,22.0
FRA-Ligue 1,Lyon,Mama Samba Baldé,GNB,29-194,27,1149,2,3,0.0,0.0,0.1,0.0,1.0,1.0
FRA-Ligue 1,Lyon,Mama Samba Baldé,GNB,29-194,2,33,0,0,0.0,0.0,0.1,16.0,13.0,22.0
FRA-Ligue 1,Lyon,Mama Samba Baldé,GNB,29-194,2,33,0,0,0.0,0.0,0.1,0.0,1.0,1.0
FRA-Ligue 1,Lyon,Wilfried Zaha,CIV,32-190,4,73,0,0,100.0,1.23,0.1,0.0,0.0,1.0
FRA-Ligue 1,Marseille,Elye Wahi,FRA,22-137,13,574,3,1,56.3,1.41,6.0,6.0,7.0,7.0
FRA-Ligue 1,Marseille,Elye Wahi,FRA,22-137,13,574,3,1,56.3,1.41,6.0,1.0,2.0,5.0
FRA-Ligue 1,Marseille,Elye Wahi,FRA,22-137,8,196,0,0,56.3,1.41,6.0,6.0,7.0,7.0
FRA-Ligue 1,Marseille,Elye Wahi,FRA,22-137,8,196,0,0,56.3,1.41,6.0,1.0,2.0,5.0
FRA-Ligue 1,Marseille,Neal Maupay,FRA,28-278,22,1042,4,4,52.6,0.86,4.1,13.0,15.0,37.0
FRA-Ligue 1,Marseille,Robinio Vaz,FRA,18-091,2,75,0,0,0.0,0.0,0.5,0.0,0.0,0.0
FRA-Ligue 1,Monaco,Folarin Balogun,USA,23-320,13,615,4,0,32.3,1.46,4.8,6.0,5.0,9.0
FRA-Ligue 1,Monaco,George Ilenikhena,FRA,18-276,23,717,3,2,42.9,1.13,5.1,9.0,3.0,10.0
FRA-Ligue 1,Monaco,Mika Biereth,DEN,22-100,16,1228,13,2,55.0,1.61,11.3,22.0,11.0,24.0
FRA-Ligue 1,Montpellier,Akor Adams,NGA,25-110,4,134,0,0,46.2,1.0,4.3,0.0,3.0,5.0
FRA-Ligue 1,Montpellier,Akor Adams,NGA,25-110,4,134,0,0,46.2,1.0,4.3,12.0,8.0,6.0
FRA-Ligue 1,Montpellier,Akor Adams,NGA,25-110,15,1075,3,1,46.2,1.0,4.3,0.0,3.0,5.0
FRA-Ligue 1,Montpellier,Akor Adams,NGA,25-110,15,1075,3,1,46.2,1.0,4.3,12.0,8.0,6.0
FRA-Ligue 1,Montpellier,Andy Delort,ALG,33-222,9,607,0,0,35.3,0.89,1.3,7.0,5.0,6.0
FRA-Ligue 1,Montpellier,Arnaud Nordin,FRA,26-336,16,1166,4,1,42.3,0.85,4.1,15.0,6.0,23.0
FRA-Ligue 1,Montpellier,Arnaud Nordin,FRA,26-336,16,1166,4,1,42.3,0.85,4.1,3.0,2.0,1.0
FRA-Ligue 1,Montpellier,Arnaud Nordin,FRA,26-336,6,80,0,0,42.3,0.85,4.1,15.0,6.0,23.0
FRA-Ligue 1,Montpellier,Arnaud Nordin,FRA,26-336,6,80,0,0,42.3,0.85,4.1,3.0,2.0,1.0
FRA-Ligue 1,Montpellier,Junior Ndiaye,FRA,20-051,15,441,0,0,40.0,0.41,0.5,5.0,2.0,7.0
FRA-Ligue 1,Nantes,Matthis Abline,FRA,22-052,34,2768,9,2,35.6,0.85,8.4,27.0,23.0,48.0
FRA-Ligue 1,Nantes,Meschak Elia,COD,27-286,8,170,1,0,20.0,0.53,1.1,3.0,3.0,5.0
FRA-Ligue 1,Nantes,Mostafa Mohamed,EGY,27-172,30,1252,5,0,37.2,1.15,5.5,6.0,16.0,20.0
FRA-Ligue 1,Nice,Gaëtan Laborde,FRA,31-016,28,1829,11,4,28.6,0.98,11.7,27.0,26.0,40.0
FRA-Ligue 1,Nice,Terem Moffi,NGA,25-359,5,58,1,0,66.7,6.21,2.3,0.0,2.0,1.0
FRA-Ligue 1,Nice,Victor Orakpo,NGA,18-339,4,36,0,0,0.0,0.0,0.3,0.0,1.0,1.0
FRA-Ligue 1,Paris S-G,Bradley Barcola,FRA,22-259,34,2181,14,10,51.4,1.57,13.4,50.0,28.0,96.0
FRA-Ligue 1,Paris S-G,Gonçalo Ramos,POR,23-333,22,1066,10,3,55.8,2.45,13.6,15.0,9.0,24.0
FRA-Ligue 1,Paris S-G,Khvicha Kvaratskhelia,GEO,24-096,14,916,4,3,44.1,1.47,3.3,25.0,32.0,43.0
FRA-Ligue 1,Paris S-G,Khvicha Kvaratskhelia,GEO,24-096,14,916,4,3,44.1,1.47,3.3,28.0,31.0,57.0
FRA-Ligue 1,Paris S-G,Khvicha Kvaratskhelia,GEO,24-096,17,1178,5,3,44.1,1.47,3.3,25.0,32.0,43.0
FRA-Ligue 1,Paris S-G,Khvicha Kvaratskhelia,GEO,24-096,17,1178,5,3,44.1,1.47,3.3,28.0,31.0,57.0
FRA-Ligue 1,Paris S-G,Ousmane Dembélé,FRA,28-004,29,1730,21,6,51.0,2.55,16.6,63.0,93.0,137.0
FRA-Ligue 1,Paris S-G,Randal Kolo Muani,FRA,26-165,10,358,2,1,40.0,1.51,4.7,5.0,0.0,5.0
FRA-Ligue 1,Paris S-G,Randal Kolo Muani,FRA,26-165,10,358,2,1,40.0,1.51,4.7,14.0,8.0,18.0
FRA-Ligue 1,Paris S-G,Randal Kolo Muani,FRA,26-165,15,1085,7,1,40.0,1.51,4.7,5.0,0.0,5.0
FRA-Ligue 1,Paris S-G,Randal Kolo Muani,FRA,26-165,15,1085,7,1,40.0,1.51,4.7,14.0,8.0,18.0
FRA-Ligue 1,Reims,Amine Salama,FRA,24-305,17,373,0,0,33.3,0.72,0.7,5.0,5.0,9.0
FRA-Ligue 1,Reims,Hafiz Ibrahim,NGA,19-150,11,391,0,1,0.0,0.0,0.5,4.0,1.0,2.0
FRA-Ligue 1,Reims,Jordan Pefok,USA,29-023,7,380,1,0,18.2,0.47,0.9,3.0,4.0,4.0
FRA-Ligue 1,Reims,Jordan Pefok,USA,29-023,7,380,1,0,18.2,0.47,0.9,14.0,7.0,12.0
FRA-Ligue 1,Reims,Jordan Pefok,USA,29-023,18,908,0,1,18.2,0.47,0.9,3.0,4.0,4.0
FRA-Ligue 1,Reims,Jordan Pefok,USA,29-023,18,908,0,1,18.2,0.47,0.9,14.0,7.0,12.0
FRA-Ligue 1,Reims,Mohamed Daramy,DEN,23-132,2,16,0,0,0.0,0.0,0.0,1.0,0.0,0.0
FRA-Ligue 1,Reims,Oumar Diakité,CIV,21-150,26,1628,4,1,34.6,0.5,5.5,11.0,22.0,44.0
FRA-Ligue 1,Rennes,Henrik Meister,DEN,21-183,4,63,1,0,50.0,1.43,0.1,2.0,1.0,1.0
FRA-Ligue 1,Rennes,Kyogo Furuhashi,JPN,30-119,6,123,0,0,0.0,0.0,0.1,0.0,0.0,0.0
FRA-Ligue 1,Rennes,Mohamed Meité,FRA,17-220,12,544,2,0,33.3,0.83,2.5,5.0,3.0,6.0
FRA-Ligue 1,Saint-Étienne,Djylian N'Guessan,FRA,16-262,8,181,0,0,0.0,0.0,0.4,2.0,6.0,9.0
FRA-Ligue 1,Saint-Étienne,Ibrahim Sissoko,MLI,29-173,20,819,3,1,19.0,0.44,4.3,7.0,9.0,12.0
FRA-Ligue 1,Saint-Étienne,Irvin Cardona,FRA,27-284,16,606,1,1,43.5,0.85,4.5,9.0,9.0,15.0
FRA-Ligue 1,Saint-Étienne,Irvin Cardona,FRA,27-284,16,606,1,1,43.5,0.85,4.5,15.0,11.0,32.0
FRA-Ligue 1,Saint-Étienne,Irvin Cardona,FRA,27-284,15,1063,5,3,43.5,0.85,4.5,9.0,9.0,15.0
FRA-Ligue 1,Saint-Étienne,Irvin Cardona,FRA,27-284,15,1063,5,3,43.5,0.85,4.5,15.0,11.0,32.0
FRA-Ligue 1,Saint-Étienne,Lucas Stassin,BEL,20-172,28,1887,12,4,52.3,1.1,7.0,18.0,13.0,35.0
FRA-Ligue 1,Strasbourg,Emanuel Emegha,NED,22-105,27,2293,14,3,57.4,1.37,17.0,18.0,4.0,14.0
GER-Bundesliga,Augsburg,Mergim Berisha,GER,27-008,2,40,0,0,33.3,2.25,0.2,0.0,0.0,0.0
GER-Bundesliga,Augsburg,Mergim Berisha,GER,27-008,2,40,0,0,33.3,2.25,0.2,3.0,6.0,7.0
GER-Bundesliga,Augsburg,Mergim Berisha,GER,27-008,11,333,1,1,33.3,2.25,0.2,0.0,0.0,0.0
GER-Bundesliga,Augsburg,Mergim Berisha,GER,27-008,11,333,1,1,33.3,2.25,0.2,3.0,6.0,7.0
GER-Bundesliga,Augsburg,Phillip Tietz,GER,27-314,34,1686,7,2,37.3,1.01,6.1,22.0,18.0,29.0
GER-Bundesliga,Augsburg,Samuel Essende,COD,27-116,30,1636,7,2,29.5,0.72,4.2,11.0,11.0,21.0
GER-Bundesliga,Bayern Munich,Harry Kane,ENG,31-295,31,2381,26,9,42.9,1.7,20.3,35.0,56.0,97.0
GER-Bundesliga,Bayern Munich,Jonah Kusi-Asare,SWE,17-319,1,3,0,0,0.0,0.0,0.0,0.0,1.0,0.0
GER-Bundesliga,Bayern Munich,Kingsley Coman,FRA,28-340,28,1282,5,4,38.6,1.19,4.3,32.0,26.0,45.0
GER-Bundesliga,Bayern Munich,Leroy Sané,GER,29-128,30,1637,11,5,43.3,1.59,10.2,36.0,24.0,64.0
GER-Bundesliga,Bochum,Myron Boadu,NED,24-125,19,1042,9,1,48.1,1.12,7.7,11.0,7.0,18.0
GER-Bundesliga,Bochum,Philipp Hofmann,GER,32-050,32,2277,3,3,35.2,0.75,5.5,26.0,40.0,53.0
GER-Bundesliga,Dortmund,Serhou Guirassy,GUI,29-068,30,2598,21,4,38.4,1.14,22.7,25.0,28.0,43.0
GER-Bundesliga,Eint Frankfurt,Hugo Ekitike,FRA,22-333,33,2563,15,8,38.6,1.55,21.6,44.0,24.0,53.0
GER-Bundesliga,Eint Frankfurt,Igor Matanovic,CRO,22-049,16,312,1,0,33.3,1.15,1.1,1.0,8.0,6.0
GER-Bundesliga,Eint Frankfurt,Michy Batshuayi,BEL,31-229,10,300,3,0,60.0,0.9,1.2,1.0,4.0,8.0
GER-Bundesliga,Eint Frankfurt,Omar Marmoush,EGY,26-101,14,1005,6,0,45.3,2.11,8.8,13.0,8.0,29.0
GER-Bundesliga,Eint Frankfurt,Omar Marmoush,EGY,26-101,14,1005,6,0,45.3,2.11,8.8,34.0,30.0,50.0
GER-Bundesliga,Eint Frankfurt,Omar Marmoush,EGY,26-101,17,1448,15,9,45.3,2.11,8.8,13.0,8.0,29.0
GER-Bundesliga,Eint Frankfurt,Omar Marmoush,EGY,26-101,17,1448,15,9,45.3,2.11,8.8,34.0,30.0,50.0
GER-Bundesliga,Freiburg,Junior Adamu,AUT,23-347,25,1545,2,2,30.6,0.64,5.5,17.0,7.0,14.0
GER-Bundesliga,Freiburg,Michael Gregoritsch,AUT,31-031,20,639,2,1,37.5,0.85,1.8,5.0,9.0,19.0
GER-Bundesliga,Freiburg,Noah Weißhaupt,GER,23-241,3,80,0,0,0.0,0.0,0.0,0.0,2.0,6.0
GER-Bundesliga,Freiburg,Noah Weißhaupt,GER,23-241,3,80,0,0,0.0,0.0,0.0,18.0,19.0,33.0
GER-Bundesliga,Freiburg,Noah Weißhaupt,GER,23-241,19,1160,1,0,0.0,0.0,0.0,0.0,2.0,6.0
GER-Bundesliga,Freiburg,Noah Weißhaupt,GER,23-241,19,1160,1,0,0.0,0.0,0.0,18.0,19.0,33.0
GER-Bundesliga,Gladbach,Franck Honorat,FRA,28-281,19,1439,4,7,29.0,0.56,4.5,50.0,24.0,45.0
GER-Bundesliga,Gladbach,Nathan N'Goumou,CMR,25-066,19,828,2,1,54.2,1.41,1.9,6.0,11.0,16.0
GER-Bundesliga,Gladbach,Shiō Fukuda,JPN,21-041,6,60,1,0,33.3,1.5,0.4,0.0,0.0,1.0
GER-Bundesliga,Gladbach,Tim Kleindienst,GER,29-261,31,2737,16,7,49.3,1.18,13.6,29.0,30.0,63.0
GER-Bundesliga,Gladbach,Tomáš Čvančara,CZE,24-279,28,831,2,0,37.5,0.97,3.8,6.0,13.0,23.0
GER-Bundesliga,Heidenheim,Budu Zivzivadze,GEO,31-070,15,958,2,3,40.9,0.85,1.7,12.0,7.0,20.0
GER-Bundesliga,Heidenheim,Mikkel Kaufmann,DEN,24-136,9,372,0,0,100.0,0.73,0.5,3.0,6.0,10.0
GER-Bundesliga,Hoffenheim,Gift Orban,NGA,22-306,3,186,2,0,36.4,0.52,3.4,1.0,1.0,2.0
GER-Bundesliga,Hoffenheim,Gift Orban,NGA,22-306,3,186,2,0,36.4,0.52,3.4,2.0,1.0,7.0
GER-Bundesliga,Hoffenheim,Gift Orban,NGA,22-306,13,687,4,0,36.4,0.52,3.4,1.0,1.0,2.0
GER-Bundesliga,Hoffenheim,Gift Orban,NGA,22-306,13,687,4,0,36.4,0.52,3.4,2.0,1.0,7.0
GER-Bundesliga,Hoffenheim,Haris Tabakovic,BIH,30-333,22,821,3,1,33.3,1.1,3.3,9.0,8.0,7.0
GER-Bundesliga,Holstein Kiel,Benedikt Pichler,AUT,27-303,18,785,1,2,45.0,1.03,2.3,12.0,11.0,19.0
GER-Bundesliga,Holstein Kiel,Phil Harres,GER,23-055,26,1544,8,1,45.9,0.99,5.9,10.0,17.0,16.0
GER-Bundesliga,Leverkusen,Patrik Schick,CZE,29-115,31,1684,21,0,47.1,1.71,12.7,11.0,11.0,21.0
GER-Bundesliga,Leverkusen,Victor Boniface,NGA,24-147,19,1008,8,1,34.0,1.52,7.8,10.0,10.0,23.0
GER-Bundesliga,Mainz 05,Jonathan Burkardt,GER,24-312,29,2109,18,2,40.0,1.19,14.8,20.0,25.0,42.0
GER-Bundesliga,St. Pauli,Andreas Albers,DEN,35-057,14,62,1,0,33.3,1.45,0.6,2.0,1.0,3.0
GER-Bundesliga,St. Pauli,Johannes Eggestein,GER,27-011,27,1853,3,4,29.4,0.49,4.7,24.0,25.0,43.0
GER-Bundesliga,Stuttgart,Ermedin Demirović,BIH,27-055,34,1855,15,1,42.2,1.31,14.1,18.0,15.0,31.0
GER-Bundesliga,Union Berlin,Andrej Ilic,SRB,25-046,16,937,7,0,40.7,1.06,4.9,6.0,16.0,13.0
GER-Bundesliga,Union Berlin,Ivan Prtajin,CRO,29-005,5,161,0,0,25.0,1.12,0.5,1.0,0.0,1.0
GER-Bundesliga,Union Berlin,Jordan Pefok,USA,29-023,7,380,1,0,30.4,0.69,3.2,3.0,4.0,4.0
GER-Bundesliga,Union Berlin,Jordan Pefok,USA,29-023,7,380,1,0,30.4,0.69,3.2,14.0,7.0,12.0
GER-Bundesliga,Union Berlin,Jordan Pefok,USA,29-023,18,908,0,1,30.4,0.69,3.2,3.0,4.0,4.0
GER-Bundesliga,Union Berlin,Jordan Pefok,USA,29-023,18,908,0,1,30.4,0.69,3.2,14.0,7.0,12.0
GER-Bundesliga,Werder Bremen,André Silva,POR,29-194,8,132,1,2,41.7,1.2,2.6,3.0,3.0,4.0
GER-Bundesliga,Werder Bremen,André Silva,POR,29-194,8,132,1,2,41.7,1.2,2.6,5.0,3.0,10.0
GER-Bundesliga,Werder Bremen,André Silva,POR,29-194,7,375,1,0,41.7,1.2,2.6,3.0,3.0,4.0
GER-Bundesliga,Werder Bremen,André Silva,POR,29-194,7,375,1,0,41.7,1.2,2.6,5.0,3.0,10.0
GER-Bundesliga,Werder Bremen,Marvin Ducksch,GER,31-073,32,2418,8,8,38.6,1.0,10.1,61.0,43.0,86.0
GER-Bundesliga,Werder Bremen,Oliver Burke,SCO,28-042,25,908,5,0,34.3,1.19,4.1,14.0,5.0,15.0
GER-Bundesliga,Wolfsburg,Kevin Behrens,GER,34-105,18,170,1,0,33.3,1.59,2.3,2.0,5.0,4.0
GER-Bundesliga,Wolfsburg,Mohamed Amoura,ALG,25-010,31,2467,10,9,34.2,0.91,8.7,35.0,29.0,61.0
ITA-Serie A,Atalanta,Gianluca Scamacca,ITA,26-138,1,6,0,0,100.0,15.0,0.1,0.0,0.0,0.0
ITA-Serie A,Atalanta,Mateo Retegui,ITA,26-020,35,2293,25,7,31.3,1.18,18.6,35.0,27.0,40.0
ITA-Serie A,Bologna,Benjamín Domínguez,ARG,21-242,24,1281,3,2,56.7,1.19,2.2,10.0,12.0,32.0
ITA-Serie A,Bologna,Dan Ndoye,SUI,24-206,29,2053,8,4,35.4,0.75,6.9,26.0,37.0,73.0
ITA-Serie A,Bologna,Estanis,ESP,21-268,1,9,0,0,0.0,0.0,0.1,2.0,0.0,0.0
ITA-Serie A,Bologna,Jesper Karlsson,SWE,26-298,7,298,1,0,33.3,0.6,0.7,2.0,2.0,6.0
ITA-Serie A,Bologna,Jesper Karlsson,SWE,26-298,7,298,1,0,33.3,0.6,0.7,6.0,6.0,12.0
ITA-Serie A,Bologna,Jesper Karlsson,SWE,26-298,12,437,1,0,33.3,0.6,0.7,2.0,2.0,6.0
ITA-Serie A,Bologna,Jesper Karlsson,SWE,26-298,12,437,1,0,33.3,0.6,0.7,6.0,6.0,12.0
ITA-Serie A,Bologna,Nicolò Cambiaghi,ITA,24-142,17,585,1,3,25.0,0.46,0.7,11.0,9.0,24.0
ITA-Serie A,Bologna,Riccardo Orsolini,ITA,28-115,29,1788,14,4,35.3,1.21,9.9,29.0,32.0,65.0
ITA-Serie A,Bologna,Santiago Castro,ARG,20-232,35,2239,8,4,32.3,0.8,7.7,28.0,23.0,38.0
ITA-Serie A,Bologna,Thijs Dallinga,NED,24-289,31,1154,3,2,35.5,0.86,4.3,12.0,14.0,17.0
ITA-Serie A,Cagliari,Roberto Piccoli,ITA,24-112,36,3037,10,1,28.9,0.83,12.8,13.0,31.0,35.0
ITA-Serie A,Como,Alberto Cerri,ITA,29-033,5,87,0,0,25.0,1.03,1.0,0.0,0.0,0.0
ITA-Serie A,Como,Anastasios Douvikas,GRE,25-290,20,700,3,1,30.8,0.68,2.5,3.0,2.0,6.0
ITA-Serie A,Como,Anastasios Douvikas,GRE,25-290,20,700,3,1,30.8,0.68,2.5,8.0,5.0,5.0
ITA-Serie A,Como,Anastasios Douvikas,GRE,25-290,12,528,2,2,30.8,0.68,2.5,3.0,2.0,6.0
ITA-Serie A,Como,Anastasios Douvikas,GRE,25-290,12,528,2,2,30.8,0.68,2.5,8.0,5.0,5.0
ITA-Serie A,Como,Andrea Belotti,ITA,31-150,18,593,2,0,15.8,0.46,2.5,7.0,5.0,9.0
ITA-Serie A,Como,Jonathan Ikone,FRA,27-017,12,530,2,0,31.3,0.85,1.8,2.0,8.0,16.0
ITA-Serie A,Como,Jonathan Ikone,FRA,27-017,12,530,2,0,31.3,0.85,1.8,2.0,7.0,13.0
ITA-Serie A,Como,Jonathan Ikone,FRA,27-017,14,334,0,0,31.3,0.85,1.8,2.0,8.0,16.0
ITA-Serie A,Como,Jonathan Ikone,FRA,27-017,14,334,0,0,31.3,0.85,1.8,2.0,7.0,13.0
ITA-Serie A,Como,Patrick Cutrone,ITA,27-136,32,2009,7,4,39.1,1.12,6.8,19.0,16.0,31.0
ITA-Serie A,Empoli,Pietro Pellegri,ITA,24-063,11,414,3,0,50.0,0.87,0.3,7.0,3.0,8.0
ITA-Serie A,Empoli,Thomas Campaniello,ITA,17-079,3,25,0,0,0.0,0.0,0.5,0.0,0.0,0.0
ITA-Serie A,Fiorentina,Moise Kean,ITA,25-080,31,2614,18,3,47.4,1.55,18.0,18.0,13.0,24.0
ITA-Serie A,Fiorentina,Nicolò Zaniolo,ITA,25-321,14,356,2,2,44.4,1.05,0.7,7.0,5.0,13.0
ITA-Serie A,Fiorentina,Nicolò Zaniolo,ITA,25-321,14,356,2,2,44.4,1.05,0.7,5.0,4.0,5.0
ITA-Serie A,Fiorentina,Nicolò Zaniolo,ITA,25-321,9,343,0,0,44.4,1.05,0.7,7.0,5.0,13.0
ITA-Serie A,Fiorentina,Nicolò Zaniolo,ITA,25-321,9,343,0,0,44.4,1.05,0.7,5.0,4.0,5.0
ITA-Serie A,Genoa,Andrea Pinamonti,ITA,26-000,36,2850,10,1,37.2,0.92,7.7,15.0,24.0,46.0
ITA-Serie A,Genoa,Caleb Ekuban,GHA,31-057,17,527,1,3,33.3,1.02,2.8,8.0,6.0,8.0
ITA-Serie A,Hellas Verona,Amin Sarr,SWE,24-069,31,1848,4,1,30.4,0.34,3.0,22.0,26.0,41.0
ITA-Serie A,Hellas Verona,Casper Tengstedt,DEN,24-352,25,1517,6,1,27.0,0.59,5.3,12.0,11.0,29.0
ITA-Serie A,Hellas Verona,Daniel Mosquera,COL,25-211,34,1344,5,1,27.3,1.0,6.5,12.0,20.0,24.0
ITA-Serie A,Inter,Lautaro Martínez,ARG,27-270,31,2564,12,3,33.3,1.19,13.5,36.0,41.0,68.0
ITA-Serie A,Inter,Marcus Thuram,FRA,27-286,32,2290,14,4,41.5,1.06,9.9,39.0,24.0,53.0
ITA-Serie A,Inter,Marko Arnautović,AUT,36-030,17,531,4,2,42.9,1.02,3.3,7.0,6.0,16.0
ITA-Serie A,Inter,Mehdi Taremi,IRN,32-305,25,744,1,1,36.4,0.48,2.9,13.0,11.0,22.0
ITA-Serie A,Juventus,Dušan Vlahović,SRB,25-111,28,1769,10,4,34.2,1.27,12.3,15.0,11.0,22.0
ITA-Serie A,Juventus,Randal Kolo Muani,FRA,26-165,10,358,2,1,52.2,1.0,4.5,5.0,0.0,5.0
ITA-Serie A,Juventus,Randal Kolo Muani,FRA,26-165,10,358,2,1,52.2,1.0,4.5,14.0,8.0,18.0
ITA-Serie A,Juventus,Randal Kolo Muani,FRA,26-165,15,1085,7,1,52.2,1.0,4.5,5.0,0.0,5.0
ITA-Serie A,Juventus,Randal Kolo Muani,FRA,26-165,15,1085,7,1,52.2,1.0,4.5,14.0,8.0,18.0
ITA-Serie A,Juventus,Samuel Mbangula,BEL,21-123,23,709,3,3,55.6,0.63,0.6,15.0,15.0,17.0
ITA-Serie A,Lazio,Gustav Isaksen,DEN,24-030,36,2165,4,2,44.4,1.0,5.2,35.0,19.0,44.0
ITA-Serie A,Lazio,Mattia Zaccagni,ITA,29-337,33,2610,8,6,30.4,0.48,6.4,52.0,49.0,111.0
ITA-Serie A,Lazio,Valentín Castellanos,ARG,26-228,28,2294,10,3,34.7,1.33,12.8,25.0,47.0,66.0
ITA-Serie A,Lecce,Jesper Karlsson,SWE,26-298,7,298,1,0,44.4,0.82,1.5,2.0,2.0,6.0
ITA-Serie A,Lecce,Jesper Karlsson,SWE,26-298,7,298,1,0,44.4,0.82,1.5,6.0,6.0,12.0
ITA-Serie A,Lecce,Jesper Karlsson,SWE,26-298,12,437,1,0,44.4,0.82,1.5,2.0,2.0,6.0
ITA-Serie A,Lecce,Jesper Karlsson,SWE,26-298,12,437,1,0,44.4,0.82,1.5,6.0,6.0,12.0
ITA-Serie A,Lecce,Nikola Krstović,MNE,25-044,36,2970,11,4,27.8,1.12,12.0,29.0,38.0,55.0
ITA-Serie A,Lecce,Rareș-Cătălin Burnete,ROU,21-108,3,25,0,0,0.0,0.0,0.1,0.0,0.0,0.0
ITA-Serie A,Lecce,Santiago Pierotti,ARG,24-046,35,1893,4,2,21.9,0.33,3.1,25.0,27.0,37.0
ITA-Serie A,Milan,Noah Okafor,SUI,24-360,11,414,1,0,53.8,1.52,1.5,4.0,4.0,12.0
ITA-Serie A,Milan,Noah Okafor,SUI,24-360,11,414,1,0,53.8,1.52,1.5,3.0,2.0,1.0
ITA-Serie A,Milan,Noah Okafor,SUI,24-360,4,40,0,0,53.8,1.52,1.5,4.0,4.0,12.0
ITA-Serie A,Milan,Noah Okafor,SUI,24-360,4,40,0,0,53.8,1.52,1.5,3.0,2.0,1.0
ITA-Serie A,Milan,Rafael Leão,POR,25-343,34,2323,8,8,43.9,1.12,7.6,58.0,37.0,93.0
ITA-Serie A,Milan,Santiago Giménez,MEX,24-031,14,669,5,2,40.9,1.21,4.8,6.0,5.0,6.0
ITA-Serie A,Milan,Tammy Abraham,ENG,27-229,28,1183,3,4,42.3,0.84,7.1,14.0,13.0,26.0
ITA-Serie A,Milan,Tammy Abraham,ENG,27-229,28,1183,3,4,42.3,0.84,7.1,0.0,1.0,1.0
ITA-Serie A,Milan,Tammy Abraham,ENG,27-229,1,1,0,0,42.3,0.84,7.1,14.0,13.0,26.0
ITA-Serie A,Milan,Tammy Abraham,ENG,27-229,1,1,0,0,42.3,0.84,7.1,0.0,1.0,1.0
ITA-Serie A,Monza,Andrea Petagna,ITA,29-323,12,323,0,0,0.0,0.0,0.2,1.0,2.0,1.0
ITA-Serie A,Monza,Keita Baldé,SEN,30-072,10,560,2,0,33.3,0.64,1.0,4.0,18.0,29.0
ITA-Serie A,Monza,Milan Đurić,BIH,34-362,18,1270,4,1,43.5,0.71,2.9,5.0,16.0,21.0
ITA-Serie A,Monza,Milan Đurić,BIH,34-362,18,1270,4,1,43.5,0.71,2.9,0.0,3.0,7.0
ITA-Serie A,Monza,Milan Đurić,BIH,34-362,9,268,1,0,43.5,0.71,2.9,5.0,16.0,21.0
ITA-Serie A,Monza,Milan Đurić,BIH,34-362,9,268,1,0,43.5,0.71,2.9,0.0,3.0,7.0
ITA-Serie A,Monza,Silvère Ganvoula M'Boussy,CGO,28-331,7,326,0,0,25.0,0.28,0.4,1.0,3.0,4.0
ITA-Serie A,Napoli,Cyril Ngonge,BEL,24-358,17,210,0,0,46.2,2.57,0.7,3.0,5.0,7.0
ITA-Serie A,Napoli,David Neres,BRA,28-077,27,1253,2,4,22.2,0.43,2.0,26.0,23.0,31.0
ITA-Serie A,Napoli,Giovanni Simeone,ARG,29-318,29,404,1,1,23.1,0.67,2.6,7.0,4.0,6.0
ITA-Serie A,Napoli,Romelu Lukaku,BEL,32-006,35,2768,13,10,33.3,0.62,12.5,34.0,15.0,35.0
ITA-Serie A,Parma,Ange-Yoan Bonny,FRA,21-206,36,2442,6,3,29.3,0.63,9.1,27.0,29.0,50.0
ITA-Serie A,Parma,Gabriel Charpentier,CGO,26-002,10,271,1,2,44.4,1.33,1.3,7.0,3.0,7.0
ITA-Serie A,Parma,Mateo Pellegrino,ARG,24-079,12,647,3,1,42.1,1.11,2.5,4.0,6.0,7.0
ITA-Serie A,Parma,Milan Đurić,BIH,34-362,18,1270,4,1,20.0,0.34,0.3,5.0,16.0,21.0
ITA-Serie A,Parma,Milan Đurić,BIH,34-362,18,1270,4,1,20.0,0.34,0.3,0.0,3.0,7.0
ITA-Serie A,Parma,Milan Đurić,BIH,34-362,9,268,1,0,20.0,0.34,0.3,5.0,16.0,21.0
ITA-Serie A,Parma,Milan Đurić,BIH,34-362,9,268,1,0,20.0,0.34,0.3,0.0,3.0,7.0
ITA-Serie A,Roma,Artem Dovbyk,UKR,27-332,32,2418,12,2,41.0,0.93,11.9,25.0,17.0,16.0
ITA-Serie A,Torino,Antonio Sanabria,PAR,29-076,26,1318,2,1,22.2,0.27,2.9,9.0,13.0,18.0
ITA-Serie A,Torino,Che Adams,SCO,28-310,35,2562,9,3,38.3,0.81,8.9,25.0,32.0,39.0
ITA-Serie A,Torino,Duván Zapata,COL,34-048,7,587,3,0,38.1,1.23,3.4,9.0,4.0,7.0
ITA-Serie A,Udinese,Alexis Sánchez,CHI,36-151,12,386,0,0,0.0,0.0,0.7,2.0,11.0,17.0
ITA-Serie A,Udinese,Keinan Davis,ENG,27-095,22,1053,2,1,39.3,0.94,2.7,20.0,13.0,22.0
ITA-Serie A,Udinese,Lorenzo Lucca,ITA,24-251,32,2276,11,1,39.3,0.95,7.4,14.0,17.0,17.0
ITA-Serie A,Venezia,Christian Gytkjær,DEN,35-013,28,731,2,1,26.7,0.49,2.6,7.0,5.0,5.0
ITA-Serie A,Venezia,Daniel Fila,CZE,22-271,9,425,1,0,57.1,0.85,1.1,6.0,4.0,8.0
ITA-Serie A,Venezia,Joel Pohjanpalo,FIN,30-248,20,1603,6,0,38.2,0.73,7.5,15.0,25.0,29.0
ITA-Serie A,Venezia,Mirko Marić,CRO,30-003,8,106,0,0,0.0,0.0,0.6,1.0,1.0,3.0
ITA-Serie A,Venezia,Mirko Marić,CRO,30-003,8,106,0,0,0.0,0.0,0.6,2.0,9.0,8.0
ITA-Serie A,Venezia,Mirko Marić,CRO,30-003,9,351,0,0,0.0,0.0,0.6,1.0,1.0,3.0
ITA-Serie A,Venezia,Mirko Marić,CRO,30-003,9,351,0,0,0.0,0.0,0.6,2.0,9.0,8.0
