League,Team,Player,Nation,Age,MatchesPlayed,MinutesPlayed,TklW,Blocks,Cmp%,LongCmp%,xAG,keyPasses,FinalThirdPasses,PrgP
ENG-Premier League,Arsenal,Declan Rice,ENG,26-125,34,2735,25,25,83.3,48.7,6.5,56.0,128.0,183.0
ENG-Premier League,Arsenal,Jorginho,ITA,33-150,15,704,4,3,86.7,58.3,0.4,3.0,44.0,48.0
ENG-Premier League,Arsenal,Martin Ødegaard,NOR,26-153,29,2309,11,5,82.6,54.2,5.4,63.0,130.0,255.0
ENG-Premier League,Aston Villa,Amadou Onana,BEL,23-276,25,1555,28,15,87.9,70.5,0.6,9.0,66.0,72.0
ENG-Premier League,Aston Villa,Boubacar Kamara,FRA,25-177,25,1643,21,18,88.7,53.3,0.9,11.0,89.0,84.0
ENG-Premier League,Aston Villa,Marco Asensio,ESP,29-118,12,699,5,7,77.7,35.5,1.0,15.0,19.0,43.0
ENG-Premier League,Aston Villa,Marco Asensio,ESP,29-118,12,699,5,7,86.9,73.1,2.7,16.0,31.0,36.0
ENG-Premier League,Aston Villa,Marco Asensio,ESP,29-118,12,618,5,7,77.7,35.5,1.0,15.0,19.0,43.0
ENG-Premier League,Aston Villa,Marco Asensio,ESP,29-118,12,618,5,7,86.9,73.1,2.7,16.0,31.0,36.0
ENG-Premier League,Aston Villa,Ross Barkley,ENG,31-165,19,574,3,9,86.0,68.4,0.6,9.0,30.0,33.0
ENG-Premier League,Aston Villa,Youri Tielemans,BEL,28-012,35,2997,57,37,82.1,54.1,6.9,59.0,228.0,234.0
ENG-Premier League,Bournemouth,Alex Scott,ENG,21-271,19,754,14,17,83.6,57.1,0.9,12.0,41.0,52.0
ENG-Premier League,Bournemouth,Philip Billing,DEN,28-342,10,184,5,3,68.6,26.7,1.1,9.0,9.0,15.0
ENG-Premier League,Bournemouth,Philip Billing,DEN,28-342,10,184,5,3,77.7,100.0,0.1,3.0,6.0,5.0
ENG-Premier League,Bournemouth,Philip Billing,DEN,28-342,9,191,5,3,68.6,26.7,1.1,9.0,9.0,15.0
ENG-Premier League,Bournemouth,Philip Billing,DEN,28-342,9,191,5,3,77.7,100.0,0.1,3.0,6.0,5.0
ENG-Premier League,Bournemouth,Ryan Christie,SCO,30-086,29,2117,33,44,79.3,48.8,3.5,41.0,118.0,137.0
ENG-Premier League,Bournemouth,Tyler Adams,USA,26-094,26,1785,48,33,84.0,55.2,1.0,17.0,63.0,69.0
ENG-Premier League,Brentford,Christian Nørgaard,DEN,31-070,33,2729,46,52,81.1,58.6,1.0,17.0,134.0,146.0
ENG-Premier League,Brentford,Frank Onyeka,NGA,27-138,2,25,0,0,83.6,66.3,1.3,17.0,70.0,106.0
ENG-Premier League,Brentford,Frank Onyeka,NGA,27-138,31,2586,0,0,83.6,66.3,1.3,17.0,70.0,106.0
ENG-Premier League,Brentford,Mathias Jensen,DEN,29-138,23,851,10,13,74.9,53.5,1.7,16.0,41.0,60.0
ENG-Premier League,Brentford,Vitaly Janelt,GER,27-009,32,2254,22,33,82.5,55.9,2.2,14.0,78.0,80.0
ENG-Premier League,Brentford,Yehor Yarmoliuk,UKR,21-079,30,1360,26,25,86.4,83.1,0.9,9.0,64.0,58.0
ENG-Premier League,Brighton,Billy Gilmour,SCO,23-342,2,98,3,1,86.6,57.1,0.0,0.0,12.0,11.0
ENG-Premier League,Brighton,Billy Gilmour,SCO,23-342,2,98,3,1,88.0,70.5,1.6,19.0,60.0,65.0
ENG-Premier League,Brighton,Billy Gilmour,SCO,23-342,25,1087,3,1,86.6,57.1,0.0,0.0,12.0,11.0
ENG-Premier League,Brighton,Billy Gilmour,SCO,23-342,25,1087,3,1,88.0,70.5,1.6,19.0,60.0,65.0
ENG-Premier League,Brighton,Carlos Baleba,CMR,21-136,32,2481,42,44,87.3,63.2,1.3,20.0,105.0,114.0
ENG-Premier League,Brighton,Diego Gómez,PAR,22-053,14,453,10,12,79.5,52.2,0.5,5.0,13.0,22.0
ENG-Premier League,Brighton,James Milner,ENG,39-135,3,169,2,4,75.3,40.0,0.2,4.0,3.0,10.0
ENG-Premier League,Brighton,Matt O'Riley,DEN,24-179,19,905,9,7,76.4,46.8,1.7,19.0,30.0,36.0
ENG-Premier League,Brighton,Yasin Ayari,SWE,21-225,32,1848,31,23,81.4,39.1,2.2,28.0,55.0,72.0
ENG-Premier League,Chelsea,Cole Palmer,ENG,23-013,36,3101,18,16,77.2,60.0,10.5,85.0,161.0,212.0
ENG-Premier League,Chelsea,Enzo Fernández,ARG,24-122,35,2857,33,42,80.1,58.0,6.7,76.0,166.0,211.0
ENG-Premier League,Chelsea,Mathis Amougou,FRA,19-121,1,8,0,0,77.1,56.0,0.4,7.0,23.0,36.0
ENG-Premier League,Chelsea,Mathis Amougou,FRA,19-121,17,859,0,0,77.1,56.0,0.4,7.0,23.0,36.0
ENG-Premier League,Chelsea,Roméo Lavia,BEL,21-133,15,768,13,6,91.8,84.0,0.7,7.0,49.0,31.0
ENG-Premier League,Crystal Palace,Adam Wharton,ENG,20-351,20,1318,14,11,75.6,65.4,3.0,26.0,78.0,107.0
ENG-Premier League,Crystal Palace,Cheick Doucouré,MLI,25-131,13,452,8,4,85.3,80.0,0.0,1.0,17.0,19.0
ENG-Premier League,Crystal Palace,Daichi Kamada,JPN,28-287,32,1454,28,22,80.0,59.3,1.9,20.0,45.0,83.0
ENG-Premier League,Crystal Palace,Ismaila Sarr,SEN,27-083,36,2559,10,25,66.4,46.8,7.8,42.0,28.0,81.0
ENG-Premier League,Crystal Palace,Justin Devenny,NIR,21-220,21,433,9,3,71.8,40.9,0.4,6.0,15.0,17.0
ENG-Premier League,Crystal Palace,Romain Esse,ENG,20-006,5,47,2,1,81.8,33.3,0.1,1.0,1.0,3.0
ENG-Premier League,Crystal Palace,Will Hughes,ENG,30-032,31,1985,33,31,76.1,36.5,3.1,32.0,72.0,85.0
ENG-Premier League,Everton,Abdoulaye Doucouré,MLI,32-138,32,2549,28,31,80.2,73.3,2.4,28.0,44.0,82.0
ENG-Premier League,Everton,Harrison Armstrong,ENG,18-120,3,48,0,0,46.7,50.0,0.1,1.0,1.0,1.0
ENG-Premier League,Everton,Idrissa Gana Gueye,SEN,35-235,36,2973,80,48,86.6,71.9,1.7,19.0,148.0,142.0
ENG-Premier League,Everton,Orel Mangala,BEL,27-062,19,1261,8,8,89.2,76.7,0.6,8.0,50.0,34.0
ENG-Premier League,Everton,Orel Mangala,BEL,27-062,19,1261,8,8,90.6,100.0,0.0,1.0,5.0,7.0
ENG-Premier League,Everton,Orel Mangala,BEL,27-062,1,67,8,8,89.2,76.7,0.6,8.0,50.0,34.0
ENG-Premier League,Everton,Orel Mangala,BEL,27-062,1,67,8,8,90.6,100.0,0.0,1.0,5.0,7.0
ENG-Premier League,Everton,Tim Iroegbunam,ENG,21-323,18,574,14,18,72.8,70.0,0.2,3.0,10.0,15.0
ENG-Premier League,Fulham,Andreas Pereira,BRA,29-138,32,1953,13,16,69.0,40.5,4.5,56.0,65.0,103.0
ENG-Premier League,Fulham,Emile Smith Rowe,ENG,24-295,33,2013,18,22,90.0,71.4,1.4,22.0,78.0,122.0
ENG-Premier League,Fulham,Harrison Reed,ENG,30-112,12,108,3,1,70.9,40.0,0.1,1.0,1.0,4.0
ENG-Premier League,Fulham,Joshua King,ENG,18-136,7,113,4,2,86.2,66.7,0.4,3.0,4.0,7.0
ENG-Premier League,Fulham,Joshua King,ENG,18-136,7,113,4,2,70.7,37.5,2.0,17.0,13.0,29.0
ENG-Premier League,Fulham,Joshua King,ENG,18-136,28,1673,4,2,86.2,66.7,0.4,3.0,4.0,7.0
ENG-Premier League,Fulham,Joshua King,ENG,18-136,28,1673,4,2,70.7,37.5,2.0,17.0,13.0,29.0
ENG-Premier League,Fulham,Sander Berge,NOR,27-094,30,2219,30,27,91.6,84.2,0.6,18.0,115.0,120.0
ENG-Premier League,Fulham,Saša Lukić,SRB,28-279,29,2259,38,20,87.1,68.1,2.7,26.0,101.0,94.0
ENG-Premier League,Fulham,Tom Cairney,SCO,34-119,24,555,5,6,91.0,76.1,1.0,10.0,50.0,51.0
ENG-Premier League,Ipswich Town,Jack Taylor,IRL,26-330,31,847,10,11,83.3,60.9,0.5,5.0,30.0,43.0
ENG-Premier League,Ipswich Town,Jens Cajuste,SWE,25-282,29,1882,20,24,82.5,51.7,0.8,12.0,49.0,54.0
ENG-Premier League,Ipswich Town,Kalvin Phillips,ENG,29-168,19,1237,19,35,79.1,61.2,0.2,5.0,49.0,51.0
ENG-Premier League,Ipswich Town,Marcus Harness,ENG,29-084,2,45,0,2,62.5,0.0,0.0,0.0,0.0,2.0
ENG-Premier League,Ipswich Town,Massimo Luongo,AUS,32-236,10,198,6,4,75.0,37.5,0.0,0.0,1.0,5.0
ENG-Premier League,Ipswich Town,Sam Morsy,EGY,33-251,32,2664,39,33,86.3,57.5,1.2,24.0,140.0,113.0
ENG-Premier League,Leicester City,Boubakary Soumaré,FRA,26-081,30,2081,20,22,86.9,69.5,0.4,11.0,94.0,103.0
ENG-Premier League,Leicester City,Harry Winks,ENG,29-106,22,1538,11,19,87.1,57.9,1.2,17.0,110.0,101.0
ENG-Premier League,Leicester City,Oliver Skipp,ENG,24-245,23,1058,4,19,84.9,58.8,0.3,9.0,30.0,34.0
ENG-Premier League,Leicester City,Wilfred Ndidi,NGA,28-154,28,2324,51,47,80.3,53.4,1.9,17.0,68.0,70.0
ENG-Premier League,Liverpool,Alexis Mac Allister,ARG,26-146,35,2599,58,61,83.5,55.6,4.7,45.0,122.0,177.0
ENG-Premier League,Liverpool,Dominik Szoboszlai,HUN,24-206,34,2369,20,37,84.5,71.7,7.2,53.0,83.0,121.0
ENG-Premier League,Liverpool,Ryan Gravenberch,NED,23-003,35,3003,35,35,88.8,61.2,2.9,25.0,141.0,171.0
ENG-Premier League,Liverpool,Wataru Endo,JPN,32-099,18,237,8,7,93.1,100.0,0.1,2.0,14.0,14.0
ENG-Premier League,Manchester City,Mateo Kovačić,CRO,31-013,30,2132,38,20,92.4,64.4,3.6,31.0,198.0,156.0
ENG-Premier League,Manchester City,Nicolás González,ESP,23-136,9,648,6,9,92.9,71.4,0.1,1.0,48.0,46.0
ENG-Premier League,Manchester City,Nicolás González,ESP,23-136,9,648,6,9,75.9,56.0,1.1,19.0,27.0,66.0
ENG-Premier League,Manchester City,Nicolás González,ESP,23-136,25,1670,6,9,92.9,71.4,0.1,1.0,48.0,46.0
ENG-Premier League,Manchester City,Nicolás González,ESP,23-136,25,1670,6,9,75.9,56.0,1.1,19.0,27.0,66.0
ENG-Premier League,Manchester City,Rodri,ESP,28-331,2,65,1,1,93.4,100.0,0.0,1.0,3.0,4.0
ENG-Premier League,Manchester City,Rodri,ESP,28-331,2,65,1,1,84.8,63.6,0.1,2.0,4.0,8.0
ENG-Premier League,Manchester City,Rodri,ESP,28-331,3,118,1,1,93.4,100.0,0.0,1.0,3.0,4.0
ENG-Premier League,Manchester City,Rodri,ESP,28-331,3,118,1,1,84.8,63.6,0.1,2.0,4.0,8.0
ENG-Premier League,Manchester City,İlkay Gündoğan,GER,34-207,31,2050,13,14,89.3,62.9,2.8,37.0,97.0,115.0
ENG-Premier League,Manchester Utd,Bruno Fernandes,POR,30-253,35,2928,47,35,75.6,54.5,8.1,88.0,197.0,302.0
ENG-Premier League,Manchester Utd,Casemiro,BRA,33-085,23,1404,48,37,78.6,57.8,2.3,20.0,72.0,74.0
ENG-Premier League,Manchester Utd,Christian Eriksen,DEN,33-094,22,1036,9,14,79.0,47.6,3.1,28.0,54.0,55.0
ENG-Premier League,Manchester Utd,Kobbie Mainoo,ENG,20-030,24,1606,28,16,86.3,70.5,1.6,14.0,49.0,64.0
ENG-Premier League,Manchester Utd,Manuel Ugarte Ribeiro,URU,24-038,29,1785,49,33,87.9,74.7,1.1,10.0,59.0,61.0
ENG-Premier League,Manchester Utd,Mason Mount,ENG,26-129,16,557,5,11,80.8,64.3,0.5,7.0,17.0,29.0
ENG-Premier League,Manchester Utd,Scott McTominay,SCO,28-162,2,19,0,0,100.0,100.0,0.0,0.0,2.0,1.0
ENG-Premier League,Manchester Utd,Scott McTominay,SCO,28-162,2,19,0,0,83.8,71.8,2.5,23.0,66.0,109.0
ENG-Premier League,Manchester Utd,Scott McTominay,SCO,28-162,33,2848,0,0,100.0,100.0,0.0,0.0,2.0,1.0
ENG-Premier League,Manchester Utd,Scott McTominay,SCO,28-162,33,2848,0,0,83.8,71.8,2.5,23.0,66.0,109.0
ENG-Premier League,Manchester Utd,Toby Collyer,ENG,21-136,6,179,9,2,82.6,75.0,0.3,2.0,3.0,5.0
ENG-Premier League,Newcastle Utd,Bruno Guimarães,BRA,27-184,37,3181,46,35,82.3,58.5,6.0,50.0,170.0,264.0
ENG-Premier League,Newcastle Utd,Lewis Miley,ENG,19-018,14,313,11,5,88.0,70.0,0.0,1.0,11.0,17.0
ENG-Premier League,Newcastle Utd,Sandro Tonali,ITA,25-011,35,2540,31,33,83.7,63.0,1.7,24.0,99.0,123.0
ENG-Premier League,Newcastle Utd,Sean Longstaff,ENG,27-201,25,798,16,17,84.5,68.2,0.2,4.0,26.0,40.0
ENG-Premier League,Nott'ham Forest,Elliot Anderson,ENG,22-194,36,2638,55,45,77.9,46.5,3.3,36.0,115.0,136.0
ENG-Premier League,Nott'ham Forest,Ibrahim Sangaré,CIV,27-168,12,534,13,9,85.5,65.4,0.4,4.0,25.0,24.0
ENG-Premier League,Nott'ham Forest,James Ward-Prowse,ENG,30-199,9,400,1,3,79.7,34.8,1.1,4.0,16.0,16.0
ENG-Premier League,Nott'ham Forest,James Ward-Prowse,ENG,30-199,9,400,1,3,87.8,57.1,1.7,18.0,69.0,49.0
ENG-Premier League,Nott'ham Forest,James Ward-Prowse,ENG,30-199,14,961,1,3,79.7,34.8,1.1,4.0,16.0,16.0
ENG-Premier League,Nott'ham Forest,James Ward-Prowse,ENG,30-199,14,961,1,3,87.8,57.1,1.7,18.0,69.0,49.0
ENG-Premier League,Nott'ham Forest,Morgan Gibbs-White,ENG,25-112,33,2713,21,18,78.5,59.5,5.0,51.0,125.0,162.0
ENG-Premier League,Nott'ham Forest,Ryan Yates,ENG,27-179,34,1892,21,36,81.4,56.4,1.2,18.0,47.0,49.0
ENG-Premier League,Southampton,Adam Lallana,ENG,37-009,14,361,5,4,85.0,44.4,0.9,4.0,21.0,24.0
ENG-Premier League,Southampton,Carlos Alcaraz,ARG,22-170,14,689,0,0,79.7,65.7,1.6,13.0,19.0,41.0
ENG-Premier League,Southampton,Carlos Alcaraz,ARG,22-170,14,689,0,0,100.0,100.0,0.1,1.0,4.0,6.0
ENG-Premier League,Southampton,Carlos Alcaraz,ARG,22-170,1,10,0,0,79.7,65.7,1.6,13.0,19.0,41.0
ENG-Premier League,Southampton,Carlos Alcaraz,ARG,22-170,1,10,0,0,100.0,100.0,0.1,1.0,4.0,6.0
ENG-Premier League,Southampton,Flynn Downes,ENG,26-119,26,2061,25,24,90.3,68.6,1.1,15.0,57.0,64.0
ENG-Premier League,Southampton,Lesley Ugochukwu,FRA,21-054,25,1570,24,27,84.9,59.5,1.0,14.0,52.0,49.0
ENG-Premier League,Southampton,Mateus Fernandes,POR,20-313,35,2819,47,41,79.8,55.9,2.6,31.0,96.0,140.0
ENG-Premier League,Southampton,William Smallbone,IRL,25-087,17,678,12,8,76.6,39.2,0.7,10.0,13.0,27.0
ENG-Premier League,Tottenham,James Maddison,ENG,28-177,31,1809,19,15,81.3,46.3,4.2,41.0,123.0,164.0
ENG-Premier League,Tottenham,Lucas Bergvall,SWE,19-106,27,1212,19,18,87.4,74.6,0.6,11.0,53.0,49.0
ENG-Premier League,Tottenham,Pape Matar Sarr,SEN,22-247,35,1868,36,25,86.5,73.0,1.6,15.0,85.0,87.0
ENG-Premier League,Tottenham,Rodrigo Bentancur,URU,27-328,25,1580,21,25,87.9,74.2,0.4,10.0,108.0,99.0
ENG-Premier League,Tottenham,Yves Bissouma,MLI,28-262,27,1383,30,11,88.6,61.0,0.3,6.0,61.0,75.0
ENG-Premier League,West Ham,Andy Irving,SCO,25-006,10,166,4,5,87.9,100.0,0.2,1.0,14.0,9.0
ENG-Premier League,West Ham,Edson Álvarez,MEX,27-207,27,1693,24,22,86.1,72.1,0.8,12.0,83.0,76.0
ENG-Premier League,West Ham,Guido Rodríguez,ARG,31-037,22,1138,17,23,84.2,64.9,0.1,3.0,37.0,32.0
ENG-Premier League,West Ham,James Ward-Prowse,ENG,30-199,9,400,14,6,79.7,34.8,1.1,4.0,16.0,16.0
ENG-Premier League,West Ham,James Ward-Prowse,ENG,30-199,9,400,14,6,87.8,57.1,1.7,18.0,69.0,49.0
ENG-Premier League,West Ham,James Ward-Prowse,ENG,30-199,14,961,14,6,79.7,34.8,1.1,4.0,16.0,16.0
ENG-Premier League,West Ham,James Ward-Prowse,ENG,30-199,14,961,14,6,87.8,57.1,1.7,18.0,69.0,49.0
ENG-Premier League,West Ham,Lewis Orford,ENG,19-090,2,49,0,1,86.8,66.7,0.0,2.0,2.0,0.0
ENG-Premier League,West Ham,Tomáš Souček,CZE,30-081,34,2477,21,38,73.5,68.1,1.0,14.0,61.0,71.0
ENG-Premier League,Wolves,André,BRA,23-307,31,2337,53,42,92.7,80.4,0.8,16.0,104.0,98.0
ENG-Premier League,Wolves,Chiquinho,POR,25-103,1,7,0,0,100.0,100.0,0.0,1.0,0.0,0.0
ENG-Premier League,Wolves,Chiquinho,POR,25-103,1,7,0,0,64.7,28.6,0.0,2.0,0.0,1.0
ENG-Premier League,Wolves,Chiquinho,POR,25-103,8,146,0,0,100.0,100.0,0.0,1.0,0.0,0.0
ENG-Premier League,Wolves,Chiquinho,POR,25-103,8,146,0,0,64.7,28.6,0.0,2.0,0.0,1.0
ENG-Premier League,Wolves,João Gomes,BRA,24-096,34,2839,62,42,85.1,59.6,1.2,22.0,109.0,151.0
ENG-Premier League,Wolves,Tommy Doyle,ENG,23-214,24,488,6,11,81.9,65.6,0.5,7.0,44.0,40.0
ESP-La Liga,Alavés,Ander Guevara,ESP,27-316,33,1947,30,21,76.7,62.0,0.6,12.0,95.0,112.0
ESP-La Liga,Alavés,Antonio Blanco,ESP,24-300,34,2637,40,28,78.8,58.7,1.5,13.0,136.0,145.0
ESP-La Liga,Alavés,Carlos Benavídez,URU,27-050,17,409,10,4,68.6,45.2,0.6,3.0,20.0,23.0
ESP-La Liga,Alavés,Joan Jordán,ESP,30-317,25,1414,18,12,74.9,50.5,2.3,31.0,102.0,104.0
ESP-La Liga,Athletic Club,Ander Herrera,ESP,35-278,8,273,4,1,90.5,76.9,0.1,2.0,25.0,16.0
ESP-La Liga,Athletic Club,Beñat Prados,ESP,24-100,29,1686,34,21,81.9,58.0,1.1,11.0,69.0,74.0
ESP-La Liga,Athletic Club,Iñigo Ruiz de Galarreta,ESP,31-286,25,1416,21,10,80.9,54.5,2.9,27.0,96.0,134.0
ESP-La Liga,Athletic Club,Mikel Jauregizar,ESP,21-188,33,2154,47,24,80.6,66.3,1.4,23.0,102.0,114.0
ESP-La Liga,Athletic Club,Mikel Vesga,ESP,31-363,25,988,14,10,79.6,59.5,1.0,12.0,51.0,64.0
ESP-La Liga,Athletic Club,Oihan Sancet,ESP,25-024,28,1591,8,9,81.0,63.9,1.9,21.0,66.0,90.0
ESP-La Liga,Atlético Madrid,Conor Gallagher,ENG,25-102,31,1612,31,23,84.9,57.8,1.1,11.0,46.0,63.0
ESP-La Liga,Atlético Madrid,Giuliano Simeone,ARG,22-152,32,1897,13,22,75.6,33.3,5.2,23.0,30.0,48.0
ESP-La Liga,Atlético Madrid,Koke,ESP,33-131,31,1857,22,23,87.8,65.3,1.4,15.0,123.0,124.0
ESP-La Liga,Atlético Madrid,Pablo Barrios,ESP,21-338,30,2317,26,18,86.0,63.8,2.4,26.0,148.0,142.0
ESP-La Liga,Atlético Madrid,Rodrigo De Paul,ARG,30-360,33,2029,26,23,81.6,62.0,4.9,38.0,173.0,222.0
ESP-La Liga,Atlético Madrid,Thomas Lemar,FRA,29-188,5,85,1,0,83.8,50.0,0.2,2.0,1.0,8.0
ESP-La Liga,Barcelona,Frenkie de Jong,NED,28-007,25,1133,11,9,94.4,87.0,2.0,21.0,139.0,119.0
ESP-La Liga,Barcelona,Marc Bernal,ESP,17-358,3,242,6,5,92.5,90.9,0.0,1.0,12.0,8.0
ESP-La Liga,Barcelona,Marc Casado,ESP,21-247,23,1611,25,20,89.3,66.0,1.4,9.0,138.0,107.0
ESP-La Liga,Barcelona,Pedri,ESP,22-175,36,2799,32,45,87.2,71.8,7.4,70.0,326.0,355.0
ESP-La Liga,Betis,Carlos Guirao,ESP,22-022,2,110,3,1,78.3,60.0,0.0,0.0,3.0,2.0
ESP-La Liga,Betis,Isco,ESP,33-028,21,1475,12,10,81.4,58.5,4.1,56.0,118.0,148.0
ESP-La Liga,Betis,Johnny Cardoso,USA,23-241,28,2144,31,27,85.7,67.9,0.9,9.0,63.0,71.0
ESP-La Liga,Betis,Marc Roca,ESP,28-174,14,906,14,17,86.4,61.1,1.0,12.0,51.0,59.0
ESP-La Liga,Betis,Mateo Flores,ESP,21-042,6,153,1,1,81.2,60.0,0.0,0.0,3.0,9.0
ESP-La Liga,Betis,Nabil Fekir,FRA,31-305,2,180,2,2,81.7,60.0,0.5,6.0,5.0,10.0
ESP-La Liga,Betis,Sergi Altimira,ESP,23-267,31,1882,35,27,89.3,80.6,1.7,22.0,88.0,98.0
ESP-La Liga,Betis,William Carvalho,POR,33-042,13,466,6,6,87.2,64.5,0.2,5.0,40.0,41.0
ESP-La Liga,Celta Vigo,Damián Rodríguez,ESP,22-063,17,927,9,6,89.2,64.0,0.8,17.0,85.0,71.0
ESP-La Liga,Celta Vigo,Fran Beltrán,ESP,26-105,33,2331,34,25,88.4,74.1,1.8,15.0,131.0,147.0
ESP-La Liga,Celta Vigo,Hugo Sotelo,ESP,21-151,23,1253,17,9,85.7,60.0,1.7,19.0,100.0,83.0
ESP-La Liga,Celta Vigo,Ilaix Moriba,GUI,22-120,32,2043,39,28,86.2,76.3,1.5,20.0,103.0,114.0
ESP-La Liga,Espanyol,Alex Král,CZE,27-000,36,2683,37,34,71.7,48.5,1.5,12.0,73.0,78.0
ESP-La Liga,Espanyol,Edu Expósito,ESP,28-291,18,986,13,3,65.2,43.0,3.2,28.0,35.0,63.0
ESP-La Liga,Espanyol,José Gragera,ESP,24-170,10,569,16,9,87.6,70.6,0.0,1.0,14.0,14.0
ESP-La Liga,Espanyol,Justin Smith,CAN,22-104,5,209,3,5,65.6,33.3,0.0,1.0,3.0,6.0
ESP-La Liga,Espanyol,Pol Lozano,ESP,25-225,29,1898,34,31,83.9,72.0,0.8,17.0,92.0,113.0
ESP-La Liga,Espanyol,Rafael Bauza,ESP,20-109,5,183,3,3,85.2,57.1,0.0,0.0,3.0,7.0
ESP-La Liga,Espanyol,Urko González,ESP,24-060,16,1296,25,27,77.8,66.7,0.7,10.0,32.0,58.0
ESP-La Liga,Espanyol,Urko González,ESP,24-060,16,1296,25,27,58.8,100.0,0.0,0.0,0.0,1.0
ESP-La Liga,Espanyol,Urko González,ESP,24-060,1,45,25,27,77.8,66.7,0.7,10.0,32.0,58.0
ESP-La Liga,Espanyol,Urko González,ESP,24-060,1,45,25,27,58.8,100.0,0.0,0.0,0.0,1.0
ESP-La Liga,Espanyol,Álvaro Aguado,ESP,29-018,15,431,2,6,77.7,70.0,0.6,4.0,31.0,36.0
ESP-La Liga,Getafe,David Argüelles,ESP,23-138,1,7,0,2,60.0,0.0,0.0,0.0,0.0,0.0
ESP-La Liga,Getafe,Jesús Santiago,ESP,20-359,18,327,8,6,69.6,25.0,0.0,0.0,9.0,12.0
ESP-La Liga,Getafe,Luis Milla,ESP,30-224,33,2875,40,25,73.5,44.6,3.8,70.0,149.0,152.0
ESP-La Liga,Getafe,Mauro Arambarri,URU,29-231,34,2603,26,34,73.1,49.1,0.6,17.0,73.0,73.0
ESP-La Liga,Getafe,Nabil Aberdin,FRA,22-269,7,263,4,3,59.0,61.5,0.0,1.0,7.0,6.0
ESP-La Liga,Girona,Arthur Melo,BRA,28-280,14,869,11,5,92.6,81.4,0.2,5.0,67.0,66.0
ESP-La Liga,Girona,Donny van de Beek,NED,28-031,26,1421,18,19,81.7,66.7,3.2,18.0,21.0,45.0
ESP-La Liga,Girona,Iván Martín,ESP,26-094,31,2012,19,18,90.2,84.7,1.9,22.0,101.0,129.0
ESP-La Liga,Girona,Jhon Solis,COL,20-228,18,533,7,13,89.4,58.3,0.1,2.0,28.0,29.0
ESP-La Liga,Girona,Oriol Romeu,ESP,33-237,24,1338,23,21,90.4,78.8,0.3,8.0,80.0,73.0
ESP-La Liga,Girona,Papa Ba,ESP,20-249,1,48,1,1,38.5,50.0,0.0,0.0,1.0,0.0
ESP-La Liga,Girona,Silvi Clúa,ESP,20-110,4,163,7,1,78.9,62.5,0.0,1.0,3.0,3.0
ESP-La Liga,Girona,Yangel Herrera,VEN,27-125,28,2185,39,21,81.4,53.8,1.5,17.0,95.0,110.0
ESP-La Liga,Las Palmas,Aboubacar Bassinga,CIV,19-310,1,4,0,0,50.0,33.3,0.0,0.0,0.0,0.0
ESP-La Liga,Las Palmas,Dario Essugo,POR,20-066,26,1869,44,28,85.0,68.4,0.4,13.0,72.0,68.0
ESP-La Liga,Las Palmas,Enzo Loiodice,FRA,24-173,16,594,5,4,84.3,77.8,0.1,4.0,25.0,27.0
ESP-La Liga,Las Palmas,Fabio González,ESP,28-096,2,53,0,0,81.1,80.0,0.0,0.0,5.0,6.0
ESP-La Liga,Las Palmas,José Campaña,ESP,31-353,25,1189,16,9,84.3,65.3,0.9,14.0,72.0,87.0
ESP-La Liga,Las Palmas,Kirian Rodríguez,ESP,29-075,21,1758,17,22,85.2,62.5,1.5,16.0,106.0,128.0
ESP-La Liga,Las Palmas,Sergio Viera,ESP,20-011,1,36,0,1,80.0,83.3,0.0,0.0,1.0,1.0
ESP-La Liga,Leganés,Darko Brašanac,SRB,33-096,29,1600,11,24,75.4,43.8,0.4,9.0,28.0,43.0
ESP-La Liga,Leganés,Roberto López,ESP,25-025,13,396,6,5,73.1,46.2,0.9,10.0,22.0,20.0
ESP-La Liga,Leganés,Seydouba Cissé,GUI,24-098,33,2362,36,25,84.2,66.7,0.5,15.0,81.0,106.0
ESP-La Liga,Leganés,Yvan Neyou,CMR,28-136,30,2312,33,35,86.4,69.3,0.6,13.0,86.0,96.0
ESP-La Liga,Mallorca,Daniel Luna,COL,22-012,2,20,0,1,61.5,0.0,0.0,0.0,1.0,0.0
ESP-La Liga,Mallorca,Manu Morlanes,ESP,26-127,22,1312,27,18,89.1,70.8,0.3,10.0,84.0,88.0
ESP-La Liga,Mallorca,Omar Mascarell,EQG,32-106,31,1928,13,31,84.4,61.9,0.2,3.0,69.0,71.0
ESP-La Liga,Mallorca,Samu Costa,POR,24-173,31,2559,42,45,80.6,68.9,1.2,14.0,112.0,112.0
ESP-La Liga,Osasuna,Aimar Oroz,ESP,23-173,36,2876,18,27,81.8,71.4,2.8,39.0,88.0,159.0
ESP-La Liga,Osasuna,Iker Muñoz,ESP,22-195,22,565,2,8,78.1,57.1,0.9,5.0,24.0,22.0
ESP-La Liga,Osasuna,Jon Moncayola,ESP,27-006,32,2099,41,34,74.4,52.9,3.7,33.0,76.0,107.0
ESP-La Liga,Osasuna,Lucas Torró,ESP,30-304,34,2912,41,35,75.4,54.0,1.2,10.0,114.0,108.0
ESP-La Liga,Osasuna,Pablo Ibáñez,ESP,26-241,27,1236,10,20,75.3,62.5,1.6,6.0,33.0,50.0
ESP-La Liga,Rayo Vallecano,Gerard Gumbau,ESP,30-152,21,817,12,12,75.2,42.3,1.3,17.0,33.0,38.0
ESP-La Liga,Rayo Vallecano,Pedro Díaz,ESP,26-348,25,1170,13,15,78.9,40.5,1.6,23.0,44.0,58.0
ESP-La Liga,Rayo Vallecano,Unai López,ESP,29-201,31,1658,20,17,84.1,52.9,0.8,17.0,104.0,108.0
ESP-La Liga,Rayo Vallecano,Óscar Trejo,ARG,37-023,18,494,5,9,83.5,50.0,1.0,9.0,30.0,36.0
ESP-La Liga,Rayo Vallecano,Óscar Valentín,ESP,30-272,34,1835,41,36,82.9,57.7,0.9,13.0,74.0,86.0
ESP-La Liga,Real Madrid,Dani Ceballos,ESP,28-285,22,1125,20,15,94.3,79.8,1.6,21.0,140.0,137.0
ESP-La Liga,Real Madrid,Jude Bellingham,ENG,21-324,31,2488,33,37,86.1,78.9,3.9,42.0,130.0,199.0
ESP-La Liga,Real Madrid,Luka Modrić,CRO,39-252,34,1741,20,16,87.5,66.5,6.9,64.0,207.0,192.0
ESP-La Liga,Real Sociedad,Beñat Turrientes,ESP,23-108,20,873,6,14,88.5,70.0,0.2,3.0,35.0,38.0
ESP-La Liga,Real Sociedad,Brais Méndez,ESP,28-132,26,1524,13,13,77.7,49.5,2.0,23.0,66.0,91.0
ESP-La Liga,Real Sociedad,Luka Sučić,CRO,22-253,28,1709,17,29,82.3,61.0,2.3,24.0,50.0,78.0
ESP-La Liga,Real Sociedad,Martín Zubimendi,ESP,26-106,35,2941,37,41,83.5,64.2,1.0,19.0,169.0,195.0
ESP-La Liga,Real Sociedad,Olasagasti,ESP,24-276,21,812,9,8,76.4,53.8,0.8,6.0,30.0,36.0
ESP-La Liga,Real Sociedad,Pablo Marín,ESP,21-320,22,1194,16,12,79.6,67.6,1.0,14.0,38.0,45.0
ESP-La Liga,Real Sociedad,Urko González,ESP,24-060,16,1296,0,1,77.8,66.7,0.7,10.0,32.0,58.0
ESP-La Liga,Real Sociedad,Urko González,ESP,24-060,16,1296,0,1,58.8,100.0,0.0,0.0,0.0,1.0
ESP-La Liga,Real Sociedad,Urko González,ESP,24-060,1,45,0,1,77.8,66.7,0.7,10.0,32.0,58.0
ESP-La Liga,Real Sociedad,Urko González,ESP,24-060,1,45,0,1,58.8,100.0,0.0,0.0,0.0,1.0
ESP-La Liga,Sevilla,Albert Sambi Lokonga,BEL,25-209,22,1471,15,13,89.4,67.1,1.0,19.0,81.0,93.0
ESP-La Liga,Sevilla,Djibril Sow,SUI,28-102,29,2017,13,18,88.7,75.4,1.6,21.0,85.0,97.0
ESP-La Liga,Sevilla,Lucien Agoume,FRA,23-099,34,2024,30,28,81.3,54.5,2.2,21.0,116.0,122.0
ESP-La Liga,Sevilla,Manu Bueno,ESP,20-296,8,123,3,0,90.9,80.0,0.0,0.0,4.0,3.0
ESP-La Liga,Sevilla,Saúl Ñíguez,ESP,30-179,24,1553,32,25,78.3,47.7,2.5,22.0,51.0,66.0
ESP-La Liga,Valencia,David Otorbi,ESP,17-215,1,14,0,1,50.0,0.0,0.0,0.0,0.0,0.0
ESP-La Liga,Valencia,Enzo Barrenechea,ARG,23-362,29,2101,30,28,85.9,67.6,0.9,14.0,133.0,121.0
ESP-La Liga,Valencia,Germán Valera,ESP,23-064,8,148,1,2,72.3,14.3,0.0,1.0,3.0,2.0
ESP-La Liga,Valencia,Hugo Guillamón,ESP,25-108,12,364,8,4,81.9,56.5,0.0,2.0,11.0,15.0
ESP-La Liga,Valencia,Ivan Jaime Pajuelo,ESP,24-235,8,274,3,1,80.4,33.3,0.3,4.0,4.0,14.0
ESP-La Liga,Valencia,Javier Guerra,ESP,22-138,35,2514,25,15,77.3,53.0,2.9,22.0,116.0,136.0
ESP-La Liga,Valencia,José Luis García Vayá,ESP,26-281,33,1735,24,23,78.4,54.7,2.1,32.0,163.0,142.0
ESP-La Liga,Valladolid,Chuky san jose,ESP,21-020,18,728,2,4,68.7,51.7,1.2,8.0,10.0,15.0
ESP-La Liga,Valladolid,Florian Grillitsch,AUT,29-285,13,623,7,12,82.8,62.7,0.7,8.0,29.0,38.0
ESP-La Liga,Valladolid,Florian Grillitsch,AUT,29-285,13,623,7,12,86.6,68.6,0.2,5.0,39.0,44.0
ESP-La Liga,Valladolid,Florian Grillitsch,AUT,29-285,8,601,7,12,82.8,62.7,0.7,8.0,29.0,38.0
ESP-La Liga,Valladolid,Florian Grillitsch,AUT,29-285,8,601,7,12,86.6,68.6,0.2,5.0,39.0,44.0
ESP-La Liga,Valladolid,Ibrahim Alani,NGA,18-294,2,70,3,1,85.7,80.0,0.0,0.0,3.0,4.0
ESP-La Liga,Valladolid,Kike Pérez,ESP,28-094,19,1191,26,16,78.0,53.3,1.0,17.0,47.0,67.0
ESP-La Liga,Valladolid,Kike Pérez,ESP,28-094,19,1191,26,16,74.6,50.5,1.2,16.0,55.0,55.0
ESP-La Liga,Valladolid,Kike Pérez,ESP,28-094,15,1091,26,16,78.0,53.3,1.0,17.0,47.0,67.0
ESP-La Liga,Valladolid,Kike Pérez,ESP,28-094,15,1091,26,16,74.6,50.5,1.2,16.0,55.0,55.0
ESP-La Liga,Valladolid,Mario Maroto,ESP,21-172,1,19,0,0,73.3,100.0,0.1,1.0,2.0,1.0
ESP-La Liga,Valladolid,Mario Martín,ESP,21-075,30,1748,32,32,84.5,67.1,1.4,12.0,52.0,66.0
ESP-La Liga,Valladolid,Selim Amallah,MAR,28-185,24,1376,18,24,78.3,59.2,1.1,13.0,42.0,57.0
ESP-La Liga,Valladolid,Stanko Jurić,CRO,28-276,26,1729,24,35,84.2,57.4,0.5,4.0,40.0,57.0
ESP-La Liga,Valladolid,Víctor Meseguer,ESP,25-344,14,418,6,3,78.3,54.5,0.0,1.0,17.0,22.0
ESP-La Liga,Villarreal,Daniel Parejo,ESP,36-033,35,2257,40,24,87.5,71.4,1.8,22.0,176.0,176.0
ESP-La Liga,Villarreal,Denis Suárez,ESP,31-133,20,528,7,4,76.2,48.6,1.4,13.0,14.0,27.0
ESP-La Liga,Villarreal,Pape Gueye,SEN,26-115,33,2150,26,31,79.7,59.3,1.1,17.0,113.0,146.0
ESP-La Liga,Villarreal,Santi Comesaña,ESP,28-226,35,2560,49,56,84.6,65.0,2.0,27.0,143.0,154.0
ESP-La Liga,Villarreal,Tajon Buchanan,CAN,26-100,12,342,5,5,69.2,54.5,0.5,3.0,2.0,5.0
ESP-La Liga,Villarreal,Tajon Buchanan,CAN,26-100,12,342,5,5,83.3,0.0,0.1,1.0,2.0,2.0
ESP-La Liga,Villarreal,Tajon Buchanan,CAN,26-100,6,95,5,5,69.2,54.5,0.5,3.0,2.0,5.0
ESP-La Liga,Villarreal,Tajon Buchanan,CAN,26-100,6,95,5,5,83.3,0.0,0.1,1.0,2.0,2.0
FRA-Ligue 1,Angers,Enzo Caumont,FRA,21-067,2,34,1,1,92.9,50.0,0.0,0.0,1.0,1.0
FRA-Ligue 1,Angers,Haris Belkebla,ALG,31-111,22,1792,38,30,87.6,75.8,0.9,5.0,68.0,69.0
FRA-Ligue 1,Angers,Jean-Eudes Aholou,CIV,31-060,26,1959,36,34,84.3,44.7,1.0,10.0,46.0,68.0
FRA-Ligue 1,Angers,Pierrick Capelle,FRA,38-034,16,483,17,4,80.1,59.1,1.2,5.0,19.0,22.0
FRA-Ligue 1,Angers,Yassin Belkhdim,FRA,23-094,29,1523,27,23,80.9,58.8,0.6,5.0,27.0,37.0
FRA-Ligue 1,Angers,Zinédine Ould Khaled,FRA,25-125,10,343,7,6,91.1,80.0,0.0,0.0,7.0,11.0
FRA-Ligue 1,Auxerre,Aristide Zossou,CIV,19-339,3,16,0,0,88.9,100.0,0.0,0.0,1.0,2.0
FRA-Ligue 1,Auxerre,Assane Dioussé,SEN,27-241,17,663,7,6,89.6,87.3,0.2,2.0,21.0,33.0
FRA-Ligue 1,Auxerre,Ben Viadere,FRA,19-259,1,5,0,0,33.3,50.0,0.0,1.0,0.0,0.0
FRA-Ligue 1,Auxerre,Elisha Owusu,GHA,27-193,28,2344,41,33,81.8,62.2,1.0,14.0,53.0,78.0
FRA-Ligue 1,Auxerre,Hamed Junior Traorè,CIV,25-092,26,2093,20,14,74.1,46.3,2.7,27.0,53.0,99.0
FRA-Ligue 1,Auxerre,Han-Noah Massengo,FRA,23-316,17,1046,11,12,84.7,57.1,0.4,3.0,23.0,28.0
FRA-Ligue 1,Auxerre,Kévin Danois,FRA,20-325,22,1460,30,17,81.5,62.8,2.2,25.0,62.0,95.0
FRA-Ligue 1,Auxerre,Yoann Cissé,FRA,20-157,2,5,0,0,33.3,0.0,0.0,0.0,0.0,0.0
FRA-Ligue 1,Brest,Hianga Mananga Mbock,FRA,25-142,1,21,0,0,82.4,0.0,0.0,0.0,0.0,0.0
FRA-Ligue 1,Brest,Hugo Magnetti,FRA,26-354,32,2323,32,20,84.9,60.5,0.4,6.0,70.0,80.0
FRA-Ligue 1,Brest,Jonas Martin,FRA,35-040,17,496,7,4,88.8,72.7,0.3,3.0,21.0,21.0
FRA-Ligue 1,Brest,Pierre Lees-Melou,FRA,31-359,20,1526,33,19,85.3,75.8,2.8,19.0,110.0,105.0
FRA-Ligue 1,Le Havre,Abdoulaye Touré,GUI,31-077,28,2324,34,36,82.0,76.8,0.4,7.0,90.0,109.0
FRA-Ligue 1,Le Havre,Daler Kuzyaev,RUS,32-124,12,567,8,7,81.2,57.1,0.6,2.0,12.0,32.0
FRA-Ligue 1,Le Havre,Junior Mwanga,FRA,22-008,11,952,16,10,82.2,58.3,1.0,7.0,37.0,42.0
FRA-Ligue 1,Le Havre,Junior Mwanga,FRA,22-008,11,952,16,10,90.5,77.8,0.0,1.0,11.0,10.0
FRA-Ligue 1,Le Havre,Junior Mwanga,FRA,22-008,8,296,16,10,82.2,58.3,1.0,7.0,37.0,42.0
FRA-Ligue 1,Le Havre,Junior Mwanga,FRA,22-008,8,296,16,10,90.5,77.8,0.0,1.0,11.0,10.0
FRA-Ligue 1,Le Havre,Mahamadou Diawara,FRA,20-091,15,582,12,13,82.8,72.7,0.4,7.0,15.0,16.0
FRA-Ligue 1,Le Havre,Mahamadou Diawara,FRA,20-091,15,582,12,13,85.7,100.0,0.0,0.0,0.0,1.0
FRA-Ligue 1,Le Havre,Mahamadou Diawara,FRA,20-091,2,16,12,13,82.8,72.7,0.4,7.0,15.0,16.0
FRA-Ligue 1,Le Havre,Mahamadou Diawara,FRA,20-091,2,16,12,13,85.7,100.0,0.0,0.0,0.0,1.0
FRA-Ligue 1,Le Havre,Oussama Targhalline,MAR,22-364,14,990,14,14,79.6,60.0,0.7,6.0,50.0,66.0
FRA-Ligue 1,Le Havre,Rassoul Ndiaye,SEN,23-159,27,1061,25,15,73.7,47.8,0.6,10.0,30.0,46.0
FRA-Ligue 1,Lens,Adrien Thomasson,FRA,31-160,33,2615,47,48,81.8,68.3,6.0,56.0,99.0,149.0
FRA-Ligue 1,Lens,Andy Diouf,FRA,22-002,34,2225,26,24,79.5,49.3,2.8,33.0,60.0,116.0
FRA-Ligue 1,Lens,Nampalys Mendy,SEN,32-330,10,588,8,8,89.7,77.8,0.1,1.0,34.0,28.0
FRA-Ligue 1,Lens,Neil El Aynaoui,FRA,23-321,24,1588,21,34,84.5,57.6,2.0,22.0,76.0,75.0
FRA-Ligue 1,Lille,André Gomes,POR,31-293,20,1276,13,7,89.4,67.4,0.7,10.0,96.0,101.0
FRA-Ligue 1,Lille,Angel Gomes,ENG,24-261,14,736,6,0,81.0,63.6,2.1,14.0,32.0,49.0
FRA-Ligue 1,Lille,Ayyoub Bouaddi,FRA,17-229,24,1151,31,12,87.7,87.5,1.0,5.0,36.0,37.0
FRA-Ligue 1,Lille,Benjamin André,FRA,34-289,30,2692,57,42,83.0,66.3,1.9,21.0,207.0,209.0
FRA-Ligue 1,Lille,Nabil Bentaleb,ALG,30-176,10,329,3,5,86.1,70.0,0.0,1.0,17.0,23.0
FRA-Ligue 1,Lille,Ngal'Ayel Mukau,COD,20-170,22,1190,18,14,89.1,87.2,0.7,12.0,52.0,57.0
FRA-Ligue 1,Lyon,Corentin Tolisso,FRA,30-289,32,2329,25,52,84.8,62.5,4.9,31.0,147.0,166.0
FRA-Ligue 1,Lyon,Jordan Veretout,FRA,32-079,27,1553,14,17,83.9,65.2,0.6,13.0,86.0,99.0
FRA-Ligue 1,Lyon,Mahamadou Diawara,FRA,20-091,15,582,0,2,82.8,72.7,0.4,7.0,15.0,16.0
FRA-Ligue 1,Lyon,Mahamadou Diawara,FRA,20-091,15,582,0,2,85.7,100.0,0.0,0.0,0.0,1.0
FRA-Ligue 1,Lyon,Mahamadou Diawara,FRA,20-091,2,16,0,2,82.8,72.7,0.4,7.0,15.0,16.0
FRA-Ligue 1,Lyon,Mahamadou Diawara,FRA,20-091,2,16,0,2,85.7,100.0,0.0,0.0,0.0,1.0
FRA-Ligue 1,Lyon,Maxence Caqueret,FRA,25-093,9,573,11,12,79.9,60.7,0.4,10.0,39.0,50.0
FRA-Ligue 1,Lyon,Maxence Caqueret,FRA,25-093,9,573,11,12,83.2,71.1,1.5,19.0,66.0,73.0
FRA-Ligue 1,Lyon,Maxence Caqueret,FRA,25-093,17,1043,11,12,79.9,60.7,0.4,10.0,39.0,50.0
FRA-Ligue 1,Lyon,Maxence Caqueret,FRA,25-093,17,1043,11,12,83.2,71.1,1.5,19.0,66.0,73.0
FRA-Ligue 1,Lyon,Nemanja Matić,SRB,36-291,29,2010,29,21,86.9,70.2,1.3,17.0,164.0,150.0
FRA-Ligue 1,Lyon,Orel Mangala,BEL,27-062,19,1261,0,2,89.2,76.7,0.6,8.0,50.0,34.0
FRA-Ligue 1,Lyon,Orel Mangala,BEL,27-062,19,1261,0,2,90.6,100.0,0.0,1.0,5.0,7.0
FRA-Ligue 1,Lyon,Orel Mangala,BEL,27-062,1,67,0,2,89.2,76.7,0.6,8.0,50.0,34.0
FRA-Ligue 1,Lyon,Orel Mangala,BEL,27-062,1,67,0,2,90.6,100.0,0.0,1.0,5.0,7.0
FRA-Ligue 1,Lyon,Paul Akouokou,CIV,27-150,2,19,0,0,66.7,75.0,0.0,0.0,0.0,1.0
FRA-Ligue 1,Lyon,Tanner Tessmann,USA,23-237,25,1234,15,13,89.4,69.7,0.6,7.0,64.0,56.0
FRA-Ligue 1,Marseille,Adrien Rabiot,FRA,30-046,29,2485,31,21,84.8,56.7,3.8,28.0,147.0,168.0
FRA-Ligue 1,Marseille,Amine Harit,MAR,27-335,13,519,7,6,83.5,41.2,2.4,19.0,18.0,35.0
FRA-Ligue 1,Marseille,Bilal Nadir,MAR,21-172,15,383,3,6,87.3,75.0,0.4,7.0,15.0,18.0
FRA-Ligue 1,Marseille,Ismaël Bennacer,ALG,27-169,12,646,10,6,91.0,64.0,1.8,13.0,83.0,72.0
FRA-Ligue 1,Marseille,Ismaël Bennacer,ALG,27-169,12,646,10,6,89.1,66.7,0.1,4.0,22.0,23.0
FRA-Ligue 1,Marseille,Ismaël Bennacer,ALG,27-169,6,300,10,6,91.0,64.0,1.8,13.0,83.0,72.0
FRA-Ligue 1,Marseille,Ismaël Bennacer,ALG,27-169,6,300,10,6,89.1,66.7,0.1,4.0,22.0,23.0
FRA-Ligue 1,Marseille,Pierre Højbjerg,DEN,29-287,30,2664,45,28,92.4,67.3,3.9,43.0,231.0,263.0
FRA-Ligue 1,Monaco,Almoatasem Al Musrati,LBY,29-043,10,386,11,3,87.6,71.2,0.4,5.0,38.0,41.0
FRA-Ligue 1,Monaco,Denis Zakaria,SUI,28-180,26,2144,26,31,90.4,68.9,1.4,16.0,91.0,113.0
FRA-Ligue 1,Monaco,Eliot Matazo,BEL,23-093,3,68,2,0,85.4,100.0,0.1,1.0,1.0,7.0
FRA-Ligue 1,Monaco,Lamine Camara,SEN,21-138,29,2054,41,30,82.8,58.8,4.4,44.0,133.0,141.0
FRA-Ligue 1,Monaco,Mamadou Coulibaly,FRA,21-028,1,8,0,0,60.0,0.0,0.0,0.0,1.0,0.0
FRA-Ligue 1,Monaco,Soungoutou Magassa,FRA,21-223,21,1025,25,16,84.6,61.9,0.9,7.0,67.0,63.0
FRA-Ligue 1,Montpellier,Jordan Ferri,FRA,33-068,25,1773,23,20,88.3,70.5,0.9,13.0,119.0,137.0
FRA-Ligue 1,Montpellier,Joris Chotard,FRA,23-237,26,1892,27,28,81.8,69.7,0.5,7.0,80.0,80.0
FRA-Ligue 1,Montpellier,Rabby Nzingoula,CGO,19-175,27,1689,42,27,76.7,58.2,1.6,8.0,32.0,40.0
FRA-Ligue 1,Montpellier,Téji Savanier,FRA,33-148,31,2363,25,16,69.6,57.9,6.9,67.0,165.0,183.0
FRA-Ligue 1,Nantes,Douglas,BRA,28-126,28,2307,42,51,86.5,72.7,1.5,15.0,108.0,125.0
FRA-Ligue 1,Nantes,Francis Coquelin,FRA,34-006,6,224,5,3,87.1,50.0,1.1,5.0,11.0,8.0
FRA-Ligue 1,Nantes,Jean-Philippe Gbamin,CIV,29-236,14,216,1,5,78.3,50.0,0.0,0.0,11.0,12.0
FRA-Ligue 1,Nantes,Johann Lepenant,FRA,22-209,29,2048,33,35,80.3,61.5,0.9,8.0,70.0,89.0
FRA-Ligue 1,Nantes,Pedro Chirivella,ESP,27-361,30,2348,29,25,85.1,60.8,1.8,19.0,169.0,170.0
FRA-Ligue 1,Nice,Baptiste Santamaria,FRA,30-071,13,927,10,14,82.6,63.3,1.0,9.0,40.0,45.0
FRA-Ligue 1,Nice,Baptiste Santamaria,FRA,30-071,13,927,10,14,82.5,71.1,0.3,4.0,32.0,28.0
FRA-Ligue 1,Nice,Baptiste Santamaria,FRA,30-071,10,482,10,14,82.6,63.3,1.0,9.0,40.0,45.0
FRA-Ligue 1,Nice,Baptiste Santamaria,FRA,30-071,10,482,10,14,82.5,71.1,0.3,4.0,32.0,28.0
FRA-Ligue 1,Nice,Bilal Brahimi,ALG,25-066,2,76,0,1,87.5,50.0,0.0,1.0,1.0,4.0
FRA-Ligue 1,Nice,Hicham Boudaoui,ALG,25-238,29,2435,52,40,83.2,64.1,3.0,22.0,76.0,124.0
FRA-Ligue 1,Nice,Issiaga Camara,GUI,20-106,4,20,1,0,93.8,0.0,0.0,0.0,2.0,2.0
FRA-Ligue 1,Nice,Morgan Sanson,FRA,30-274,6,235,3,3,78.3,81.8,0.1,1.0,7.0,13.0
FRA-Ligue 1,Nice,Rareş Ilie,ROU,22-030,2,13,1,0,80.0,100.0,0.4,4.0,1.0,3.0
FRA-Ligue 1,Nice,Tanguy Ndombele,FRA,28-142,18,1131,23,9,87.2,71.0,2.4,18.0,41.0,61.0
FRA-Ligue 1,Paris S-G,Fabián Ruiz Peña,ESP,29-046,30,1923,24,25,89.6,77.1,4.7,36.0,155.0,205.0
FRA-Ligue 1,Paris S-G,Senny Mayulu,FRA,19-002,20,808,16,8,87.8,86.2,2.1,12.0,32.0,46.0
FRA-Ligue 1,Paris S-G,Vitinha,POR,25-095,29,2042,23,26,93.1,84.5,2.6,27.0,257.0,224.0
FRA-Ligue 1,Paris S-G,Vitinha,POR,25-095,29,2042,23,26,59.2,40.5,3.0,15.0,12.0,19.0
FRA-Ligue 1,Paris S-G,Vitinha,POR,25-095,24,1266,23,26,93.1,84.5,2.6,27.0,257.0,224.0
FRA-Ligue 1,Paris S-G,Vitinha,POR,25-095,24,1266,23,26,59.2,40.5,3.0,15.0,12.0,19.0
FRA-Ligue 1,Reims,Amadou Koné,MLI,20-005,24,1293,32,18,86.0,72.1,0.3,8.0,53.0,68.0
FRA-Ligue 1,Reims,John Joe,IRL,21-207,4,48,15,11,80.0,100.0,0.0,0.0,0.0,0.0
FRA-Ligue 1,Reims,John Joe,IRL,21-207,4,48,15,11,74.0,36.4,0.0,1.0,12.0,14.0
FRA-Ligue 1,Reims,John Joe,IRL,21-207,13,545,15,11,80.0,100.0,0.0,0.0,0.0,0.0
FRA-Ligue 1,Reims,John Joe,IRL,21-207,13,545,15,11,74.0,36.4,0.0,1.0,12.0,14.0
FRA-Ligue 1,Reims,Marshall Munetsi,ZIM,28-331,12,968,18,27,71.4,33.3,1.6,8.0,5.0,8.0
FRA-Ligue 1,Reims,Marshall Munetsi,ZIM,28-331,12,968,18,27,68.5,40.0,2.0,19.0,14.0,26.0
FRA-Ligue 1,Reims,Marshall Munetsi,ZIM,28-331,19,1692,18,27,71.4,33.3,1.6,8.0,5.0,8.0
FRA-Ligue 1,Reims,Marshall Munetsi,ZIM,28-331,19,1692,18,27,68.5,40.0,2.0,19.0,14.0,26.0
FRA-Ligue 1,Reims,Martin Adeline,FRA,21-168,1,26,1,0,80.0,50.0,0.0,0.0,1.0,0.0
FRA-Ligue 1,Reims,Mohamed Bamba,CIV,20-223,2,10,0,2,84.2,100.0,0.0,0.0,3.0,3.0
FRA-Ligue 1,Reims,Teddy Teuma,MLT,31-231,17,750,10,12,79.2,53.2,1.1,13.0,41.0,47.0
FRA-Ligue 1,Reims,Valentin Atangana Edoa,FRA,19-267,34,2854,50,31,86.0,46.9,1.1,12.0,66.0,93.0
FRA-Ligue 1,Rennes,Azor Matusiwa,NED,27-021,29,2078,39,29,87.1,88.6,1.8,17.0,109.0,134.0
FRA-Ligue 1,Rennes,Baptiste Santamaria,FRA,30-071,13,927,4,10,82.6,63.3,1.0,9.0,40.0,45.0
FRA-Ligue 1,Rennes,Baptiste Santamaria,FRA,30-071,13,927,4,10,82.5,71.1,0.3,4.0,32.0,28.0
FRA-Ligue 1,Rennes,Baptiste Santamaria,FRA,30-071,10,482,4,10,82.6,63.3,1.0,9.0,40.0,45.0
FRA-Ligue 1,Rennes,Baptiste Santamaria,FRA,30-071,10,482,4,10,82.5,71.1,0.3,4.0,32.0,28.0
FRA-Ligue 1,Rennes,Benjamin Bourigeaud,FRA,31-125,1,80,0,2,75.0,40.0,0.0,0.0,3.0,4.0
FRA-Ligue 1,Rennes,Djaoui Cissé,FRA,21-108,14,1121,18,29,87.5,84.3,0.2,6.0,66.0,84.0
FRA-Ligue 1,Rennes,Glen Kamara,FIN,29-203,13,662,11,7,90.3,95.0,0.2,5.0,34.0,34.0
FRA-Ligue 1,Rennes,Ismaël Koné,CAN,22-347,8,360,6,9,86.7,88.9,0.4,4.0,9.0,10.0
FRA-Ligue 1,Rennes,Ismaël Koné,CAN,22-347,8,360,6,9,84.6,85.7,1.3,5.0,19.0,30.0
FRA-Ligue 1,Rennes,Ismaël Koné,CAN,22-347,13,469,6,9,86.7,88.9,0.4,4.0,9.0,10.0
FRA-Ligue 1,Rennes,Ismaël Koné,CAN,22-347,13,469,6,9,84.6,85.7,1.3,5.0,19.0,30.0
FRA-Ligue 1,Rennes,Jordan James,WAL,20-321,23,1178,19,14,84.1,68.0,1.9,24.0,55.0,67.0
FRA-Ligue 1,Rennes,Seko Fofana,CIV,30-012,16,844,7,7,90.4,76.9,1.2,13.0,38.0,72.0
FRA-Ligue 1,Saint-Étienne,Aimen Moueffek,FRA,24-040,22,1039,12,20,84.8,57.1,1.1,10.0,39.0,43.0
FRA-Ligue 1,Saint-Étienne,Benjamin Bouchouari,MAR,23-187,25,1772,27,21,86.7,70.2,0.9,16.0,123.0,133.0
FRA-Ligue 1,Saint-Étienne,Florian Tardieu,FRA,33-027,24,1252,14,18,85.8,57.7,1.3,19.0,127.0,139.0
FRA-Ligue 1,Saint-Étienne,Lamine Fomba,FRA,27-113,7,217,6,7,83.4,66.7,0.3,1.0,14.0,18.0
FRA-Ligue 1,Saint-Étienne,Louis Mouton,FRA,22-350,24,1045,25,17,80.2,67.8,1.3,16.0,42.0,54.0
FRA-Ligue 1,Saint-Étienne,Mathis Amougou,FRA,19-121,1,8,15,10,77.1,56.0,0.4,7.0,23.0,36.0
FRA-Ligue 1,Saint-Étienne,Mathis Amougou,FRA,19-121,17,859,15,10,77.1,56.0,0.4,7.0,23.0,36.0
FRA-Ligue 1,Saint-Étienne,Pierre Ekwah Elimby,FRA,23-124,29,2575,33,26,88.2,65.3,1.0,16.0,144.0,146.0
FRA-Ligue 1,Strasbourg,Andrey Santos,BRA,21-016,32,2855,74,46,88.2,80.2,3.3,27.0,141.0,149.0
FRA-Ligue 1,Strasbourg,Junior Mwanga,FRA,22-008,11,952,9,2,82.2,58.3,1.0,7.0,37.0,42.0
FRA-Ligue 1,Strasbourg,Junior Mwanga,FRA,22-008,11,952,9,2,90.5,77.8,0.0,1.0,11.0,10.0
FRA-Ligue 1,Strasbourg,Junior Mwanga,FRA,22-008,8,296,9,2,82.2,58.3,1.0,7.0,37.0,42.0
FRA-Ligue 1,Strasbourg,Junior Mwanga,FRA,22-008,8,296,9,2,90.5,77.8,0.0,1.0,11.0,10.0
FRA-Ligue 1,Strasbourg,Karol Fila,POL,26-340,1,5,0,0,50.0,0.0,0.0,0.0,0.0,0.0
FRA-Ligue 1,Strasbourg,Nordine Kandil,FRA,23-200,1,10,0,0,50.0,0.0,0.0,0.0,0.0,0.0
FRA-Ligue 1,Toulouse,Cristian Cásseres Jr.,VEN,25-119,32,2696,61,35,78.8,49.7,2.6,27.0,89.0,128.0
FRA-Ligue 1,Toulouse,Denis Genreau,AUS,25-363,8,222,5,3,82.7,50.0,0.5,5.0,7.0,13.0
FRA-Ligue 1,Toulouse,Miha Zajc,SVN,30-322,19,262,4,2,82.7,50.0,0.1,3.0,16.0,24.0
FRA-Ligue 1,Toulouse,Niklas Schmidt,GER,27-079,9,205,4,0,78.9,64.3,0.7,5.0,23.0,23.0
FRA-Ligue 1,Toulouse,Vincent Sierro,SUI,29-223,29,2402,27,34,78.4,46.8,3.6,30.0,102.0,147.0
GER-Bundesliga,Augsburg,Arne Maier,GER,26-131,28,938,7,15,76.5,54.7,1.5,25.0,40.0,44.0
GER-Bundesliga,Augsburg,Elvis Rexhbeçaj,KVX,27-199,27,1785,19,40,70.0,45.1,1.1,16.0,39.0,94.0
GER-Bundesliga,Augsburg,Frank Onyeka,NGA,27-138,2,25,45,36,83.6,66.3,1.3,17.0,70.0,106.0
GER-Bundesliga,Augsburg,Frank Onyeka,NGA,27-138,31,2586,45,36,83.6,66.3,1.3,17.0,70.0,106.0
GER-Bundesliga,Augsburg,Fredrik Jensen,FIN,27-252,20,763,7,10,69.5,66.7,0.7,11.0,8.0,20.0
GER-Bundesliga,Augsburg,Kristijan Jakić,CRO,28-005,31,2306,23,42,82.9,75.4,1.2,16.0,95.0,106.0
GER-Bundesliga,Augsburg,Mert Kömür,GER,19-306,20,654,2,9,71.9,54.8,1.5,13.0,3.0,11.0
GER-Bundesliga,Augsburg,Niklas Dorsch,GER,27-124,1,32,0,1,84.6,100.0,0.0,0.0,1.0,1.0
GER-Bundesliga,Augsburg,Niklas Dorsch,GER,27-124,1,32,0,1,83.4,59.6,1.1,13.0,46.0,57.0
GER-Bundesliga,Augsburg,Niklas Dorsch,GER,27-124,22,1335,0,1,84.6,100.0,0.0,0.0,1.0,1.0
GER-Bundesliga,Augsburg,Niklas Dorsch,GER,27-124,22,1335,0,1,83.4,59.6,1.1,13.0,46.0,57.0
GER-Bundesliga,Augsburg,Tim Breithaupt,GER,23-101,2,120,1,1,86.6,75.0,0.4,1.0,10.0,10.0
GER-Bundesliga,Bayern Munich,Aleksandar Pavlovic,GER,21-016,21,1451,21,18,93.3,73.1,0.2,7.0,169.0,128.0
GER-Bundesliga,Bayern Munich,Jamal Musiala,GER,22-082,25,1798,21,30,82.6,82.1,4.5,41.0,75.0,107.0
GER-Bundesliga,Bayern Munich,Joshua Kimmich,GER,30-100,33,2847,29,23,89.5,69.9,7.4,83.0,437.0,362.0
GER-Bundesliga,Bayern Munich,João Palhinha,POR,29-314,17,673,14,13,92.4,68.9,0.2,4.0,47.0,32.0
GER-Bundesliga,Bochum,Anthony Losilla,FRA,39-070,21,1137,16,22,76.6,47.4,0.4,7.0,23.0,45.0
GER-Bundesliga,Bochum,Ibrahima Sissoko,MLI,27-204,32,2610,44,39,75.0,53.3,1.6,27.0,77.0,105.0
GER-Bundesliga,Bochum,Mats Pannewig,GER,20-203,14,267,6,8,75.2,44.4,0.1,1.0,4.0,10.0
GER-Bundesliga,Bochum,Matúš Bero,SVK,29-255,30,2565,35,37,67.9,45.8,3.7,54.0,104.0,143.0
GER-Bundesliga,Bochum,Tom Krauß,GER,23-331,14,1077,18,26,80.0,60.5,0.7,12.0,76.0,84.0
GER-Bundesliga,Dortmund,Carney Chukwuemeka,ENG,21-211,10,253,5,5,78.7,100.0,0.9,7.0,8.0,18.0
GER-Bundesliga,Dortmund,Felix Nmecha,GER,24-221,26,1509,22,20,87.9,80.6,1.1,14.0,91.0,85.0
GER-Bundesliga,Dortmund,Gio Reyna,USA,22-187,16,350,0,3,78.8,55.6,0.2,2.0,17.0,22.0
GER-Bundesliga,Dortmund,Julian Brandt,GER,29-017,30,2303,11,17,78.8,57.3,8.5,61.0,94.0,149.0
GER-Bundesliga,Dortmund,Marcel Sabitzer,AUT,31-063,26,1616,19,19,84.8,55.4,1.6,12.0,75.0,97.0
GER-Bundesliga,Dortmund,Salih Özcan,TUR,27-128,11,391,7,7,77.6,36.4,0.4,5.0,25.0,31.0
GER-Bundesliga,Dortmund,Salih Özcan,TUR,27-128,11,391,7,7,75.9,40.0,0.8,5.0,19.0,22.0
GER-Bundesliga,Dortmund,Salih Özcan,TUR,27-128,11,353,7,7,77.6,36.4,0.4,5.0,25.0,31.0
GER-Bundesliga,Dortmund,Salih Özcan,TUR,27-128,11,353,7,7,75.9,40.0,0.8,5.0,19.0,22.0
GER-Bundesliga,Eint Frankfurt,Ellyes Skhiri,TUN,30-009,30,2231,22,30,88.5,65.9,1.4,22.0,82.0,105.0
GER-Bundesliga,Eint Frankfurt,Hugo Larsson,SWE,20-326,33,2393,27,42,86.9,63.4,2.1,21.0,89.0,121.0
GER-Bundesliga,Eint Frankfurt,Mahmoud Dahoud,GER,29-138,9,364,4,5,84.9,50.0,0.7,8.0,10.0,17.0
GER-Bundesliga,Eint Frankfurt,Oscar Højlund,DEN,20-135,20,722,12,15,88.0,59.1,1.1,6.0,30.0,49.0
GER-Bundesliga,Freiburg,Maximilian Eggestein,GER,28-162,33,2845,32,37,83.5,59.4,1.5,19.0,131.0,141.0
GER-Bundesliga,Freiburg,Nicolas Höfler,GER,35-071,20,794,23,7,86.4,76.9,0.1,3.0,31.0,30.0
GER-Bundesliga,Freiburg,Patrick Osterhage,GER,25-107,30,2267,29,27,83.7,56.0,1.4,16.0,71.0,73.0
GER-Bundesliga,Gladbach,Florian Neuhaus,GER,28-064,18,382,3,9,83.3,61.9,0.3,6.0,19.0,27.0
GER-Bundesliga,Gladbach,Julian Weigl,GER,29-253,33,2881,25,54,88.3,78.5,1.1,11.0,121.0,122.0
GER-Bundesliga,Gladbach,Kevin Stöger,AUT,31-265,31,1551,21,24,75.8,53.5,5.3,54.0,90.0,121.0
GER-Bundesliga,Gladbach,Philipp Sander,GER,27-087,27,1400,17,16,80.9,39.2,0.6,13.0,50.0,60.0
GER-Bundesliga,Gladbach,Rocco Reitz,GER,22-355,27,1830,24,39,77.9,60.3,2.1,16.0,69.0,91.0
GER-Bundesliga,Heidenheim,Jan Schöppner,GER,25-341,33,2681,30,38,74.7,57.5,3.4,25.0,67.0,107.0
GER-Bundesliga,Heidenheim,Julian Niehues,GER,24-032,8,154,1,1,78.6,41.7,0.1,3.0,9.0,6.0
GER-Bundesliga,Heidenheim,Lennard Maloney,USA,25-223,11,760,11,9,71.6,46.2,0.0,1.0,12.0,14.0
GER-Bundesliga,Heidenheim,Lennard Maloney,USA,25-223,11,760,11,9,57.1,100.0,0.0,0.0,0.0,0.0
GER-Bundesliga,Heidenheim,Lennard Maloney,USA,25-223,5,26,11,9,71.6,46.2,0.0,1.0,12.0,14.0
GER-Bundesliga,Heidenheim,Lennard Maloney,USA,25-223,5,26,11,9,57.1,100.0,0.0,0.0,0.0,0.0
GER-Bundesliga,Heidenheim,Niklas Dorsch,GER,27-124,1,32,16,14,84.6,100.0,0.0,0.0,1.0,1.0
GER-Bundesliga,Heidenheim,Niklas Dorsch,GER,27-124,1,32,16,14,83.4,59.6,1.1,13.0,46.0,57.0
GER-Bundesliga,Heidenheim,Niklas Dorsch,GER,27-124,22,1335,16,14,84.6,100.0,0.0,0.0,1.0,1.0
GER-Bundesliga,Heidenheim,Niklas Dorsch,GER,27-124,22,1335,16,14,83.4,59.6,1.1,13.0,46.0,57.0
GER-Bundesliga,Heidenheim,Norman Theuerkauf,GER,38-115,1,22,0,0,85.0,100.0,0.0,0.0,2.0,2.0
GER-Bundesliga,Hoffenheim,Diadie Samassékou,MLI,29-128,8,290,5,4,92.3,57.1,0.0,0.0,15.0,11.0
GER-Bundesliga,Hoffenheim,Finn Ole Becker,GER,24-345,13,670,5,7,82.5,63.6,0.3,8.0,38.0,45.0
GER-Bundesliga,Hoffenheim,Florian Grillitsch,AUT,29-285,13,623,9,6,82.8,62.7,0.7,8.0,29.0,38.0
GER-Bundesliga,Hoffenheim,Florian Grillitsch,AUT,29-285,13,623,9,6,86.6,68.6,0.2,5.0,39.0,44.0
GER-Bundesliga,Hoffenheim,Florian Grillitsch,AUT,29-285,8,601,9,6,82.8,62.7,0.7,8.0,29.0,38.0
GER-Bundesliga,Hoffenheim,Florian Grillitsch,AUT,29-285,8,601,9,6,86.6,68.6,0.2,5.0,39.0,44.0
GER-Bundesliga,Hoffenheim,Grischa Prömel,GER,30-130,2,174,0,1,84.2,42.9,0.0,0.0,5.0,5.0
GER-Bundesliga,Holstein Kiel,Armin Gigovic,BIH,23-043,31,1895,13,20,77.7,41.5,2.1,16.0,44.0,50.0
GER-Bundesliga,Holstein Kiel,Lewis Holtby,GER,34-243,25,1238,20,14,76.5,45.5,1.5,21.0,29.0,47.0
GER-Bundesliga,Holstein Kiel,Magnus Knudsen,NOR,23-338,31,1850,29,18,84.0,63.5,1.3,8.0,39.0,54.0
GER-Bundesliga,Holstein Kiel,Nicolai Remberg,GER,24-334,32,2417,25,46,77.9,62.0,0.8,9.0,73.0,80.0
GER-Bundesliga,Leverkusen,Aleix García,ESP,27-325,28,1455,7,12,87.2,65.8,4.9,32.0,135.0,120.0
GER-Bundesliga,Leverkusen,Emi Buendía,ARG,28-145,12,98,5,6,81.7,20.0,0.0,1.0,4.0,7.0
GER-Bundesliga,Leverkusen,Emi Buendía,ARG,28-145,12,98,5,6,78.3,42.9,0.9,6.0,9.0,14.0
GER-Bundesliga,Leverkusen,Emi Buendía,ARG,28-145,11,257,5,6,81.7,20.0,0.0,1.0,4.0,7.0
GER-Bundesliga,Leverkusen,Emi Buendía,ARG,28-145,11,257,5,6,78.3,42.9,0.9,6.0,9.0,14.0
GER-Bundesliga,Leverkusen,Exequiel Palacios,ARG,26-226,24,1155,15,14,90.1,80.0,2.3,28.0,97.0,97.0
GER-Bundesliga,Leverkusen,Granit Xhaka,SUI,32-234,33,2888,26,30,89.7,76.3,4.4,50.0,372.0,318.0
GER-Bundesliga,Mainz 05,Aymen Barkok,MAR,26-363,4,73,1,1,70.3,80.0,0.1,1.0,7.0,5.0
GER-Bundesliga,Mainz 05,Hong Hyunseok,KOR,25-337,23,530,3,7,77.9,44.4,1.5,9.0,11.0,23.0
GER-Bundesliga,Mainz 05,Kaishu Sano,JPN,24-140,34,3043,36,66,80.1,61.1,1.2,19.0,133.0,159.0
GER-Bundesliga,Mainz 05,Lee Jae-sung,KOR,32-282,33,2650,21,39,77.5,66.7,5.0,34.0,56.0,105.0
GER-Bundesliga,Mainz 05,Lennard Maloney,USA,25-223,11,760,1,2,71.6,46.2,0.0,1.0,12.0,14.0
GER-Bundesliga,Mainz 05,Lennard Maloney,USA,25-223,11,760,1,2,57.1,100.0,0.0,0.0,0.0,0.0
GER-Bundesliga,Mainz 05,Lennard Maloney,USA,25-223,5,26,1,2,71.6,46.2,0.0,1.0,12.0,14.0
GER-Bundesliga,Mainz 05,Lennard Maloney,USA,25-223,5,26,1,2,57.1,100.0,0.0,0.0,0.0,0.0
GER-Bundesliga,Mainz 05,Nadiem Amiri,GER,28-204,30,2473,23,19,77.0,50.7,6.6,63.0,173.0,204.0
GER-Bundesliga,Mainz 05,Paul Nebel,GER,22-221,31,2345,24,54,73.1,56.8,4.1,35.0,38.0,91.0
GER-Bundesliga,RB Leipzig,Amadou Haidara,MLI,27-108,28,1320,17,42,80.2,50.0,0.9,5.0,65.0,65.0
GER-Bundesliga,RB Leipzig,Arthur Vermeeren,BEL,20-101,28,1572,19,34,86.1,69.8,0.9,12.0,71.0,77.0
GER-Bundesliga,RB Leipzig,Christoph Baumgartner,AUT,25-291,31,1610,28,45,68.2,53.7,1.3,20.0,40.0,53.0
GER-Bundesliga,RB Leipzig,Elif Elmas,MKD,25-237,2,44,1,2,81.3,0.0,0.0,0.0,0.0,2.0
GER-Bundesliga,RB Leipzig,Elif Elmas,MKD,25-237,2,44,1,2,79.7,52.0,0.4,9.0,17.0,29.0
GER-Bundesliga,RB Leipzig,Elif Elmas,MKD,25-237,12,941,1,2,81.3,0.0,0.0,0.0,0.0,2.0
GER-Bundesliga,RB Leipzig,Elif Elmas,MKD,25-237,12,941,1,2,79.7,52.0,0.4,9.0,17.0,29.0
GER-Bundesliga,RB Leipzig,Kevin Kampl,SVN,34-222,26,1593,18,25,89.0,62.7,1.4,16.0,81.0,106.0
GER-Bundesliga,RB Leipzig,Xaver Schlager,AUT,27-233,4,181,2,7,86.7,40.0,0.7,1.0,6.0,6.0
GER-Bundesliga,RB Leipzig,Xavi Simons,NED,22-028,25,2150,21,19,78.6,55.1,6.3,51.0,79.0,140.0
GER-Bundesliga,St. Pauli,Carlo Boukhalfa,MAR,26-016,25,1646,11,22,71.3,29.2,1.1,11.0,27.0,41.0
GER-Bundesliga,St. Pauli,Jackson Irvine,AUS,32-073,29,2610,28,27,70.6,48.6,3.9,32.0,93.0,117.0
GER-Bundesliga,St. Pauli,Robert Wagner,GER,21-309,12,407,3,8,75.4,50.0,0.0,0.0,6.0,10.0
GER-Bundesliga,Stuttgart,Angelo Stiller,GER,24-045,32,2741,27,29,87.4,61.2,7.2,59.0,271.0,289.0
GER-Bundesliga,Stuttgart,Nikolas Nartey,DEN,25-086,1,22,0,0,80.0,0.0,0.0,0.0,0.0,0.0
GER-Bundesliga,Stuttgart,Yannik Keitel,GER,25-093,11,270,6,5,82.1,56.3,0.0,1.0,17.0,11.0
GER-Bundesliga,Union Berlin,Aljoscha Kemlein,GER,20-290,15,922,4,14,75.5,62.5,0.6,10.0,28.0,42.0
GER-Bundesliga,Union Berlin,András Schäfer,HUN,26-036,26,1534,26,33,73.5,39.4,0.9,10.0,30.0,55.0
GER-Bundesliga,Union Berlin,Lucas Tousart,FRA,28-020,15,561,9,11,66.7,37.5,0.5,3.0,7.0,18.0
GER-Bundesliga,Union Berlin,Rani Khedira,GER,31-112,32,2723,40,33,73.7,38.8,0.6,12.0,66.0,80.0
GER-Bundesliga,Werder Bremen,Jens Stage,DEN,28-192,28,2204,30,44,77.0,55.5,2.8,23.0,67.0,104.0
GER-Bundesliga,Werder Bremen,Leonardo Bittencourt,GER,31-151,27,982,9,8,84.0,59.2,1.6,14.0,56.0,64.0
GER-Bundesliga,Werder Bremen,Romano Schmid,AUT,25-112,32,2834,25,42,74.5,54.4,6.2,68.0,170.0,279.0
GER-Bundesliga,Werder Bremen,Senne Lynen,BEL,26-089,32,2733,39,56,82.9,56.9,0.6,8.0,81.0,91.0
GER-Bundesliga,Werder Bremen,Skelly Alvero,FRA,23-015,12,236,6,4,74.7,60.0,0.0,0.0,3.0,8.0
GER-Bundesliga,Wolfsburg,Aster Vranckx,BEL,22-227,14,556,6,14,82.2,66.7,0.0,1.0,16.0,20.0
GER-Bundesliga,Wolfsburg,Bence Dárdai,HUN,19-115,21,1304,14,20,80.2,48.6,1.0,11.0,35.0,39.0
GER-Bundesliga,Wolfsburg,Lovro Majer,CRO,27-122,9,304,1,5,69.5,31.6,1.1,8.0,13.0,17.0
GER-Bundesliga,Wolfsburg,Mattias Svanberg,SWE,26-134,20,1219,10,11,68.7,30.4,1.7,13.0,36.0,36.0
GER-Bundesliga,Wolfsburg,Maximilian Arnold,GER,30-357,28,2356,20,21,77.2,51.4,3.5,45.0,132.0,128.0
GER-Bundesliga,Wolfsburg,Salih Özcan,TUR,27-128,11,391,2,5,77.6,36.4,0.4,5.0,25.0,31.0
GER-Bundesliga,Wolfsburg,Salih Özcan,TUR,27-128,11,391,2,5,75.9,40.0,0.8,5.0,19.0,22.0
GER-Bundesliga,Wolfsburg,Salih Özcan,TUR,27-128,11,353,2,5,77.6,36.4,0.4,5.0,25.0,31.0
GER-Bundesliga,Wolfsburg,Salih Özcan,TUR,27-128,11,353,2,5,75.9,40.0,0.8,5.0,19.0,22.0
ITA-Serie A,Atalanta,Ibrahim Sulemana,GHA,21-362,8,226,4,1,88.2,91.7,0.0,1.0,15.0,11.0
ITA-Serie A,Atalanta,Lazar Samardzic,SRB,23-084,31,1169,15,9,77.9,63.0,2.9,35.0,60.0,92.0
ITA-Serie A,Atalanta,Marco Brescianini,ITA,25-119,28,937,11,15,79.0,38.9,0.9,6.0,24.0,31.0
ITA-Serie A,Atalanta,Mario Pašalić,CRO,30-099,33,1934,16,21,87.3,74.5,3.3,32.0,130.0,147.0
ITA-Serie A,Atalanta,Mitchel Bakker,NED,24-333,24,1139,0,0,77.8,60.0,2.7,23.0,42.0,57.0
ITA-Serie A,Atalanta,Mitchel Bakker,NED,24-333,24,1139,0,0,77.8,0.0,0.0,0.0,1.0,1.0
ITA-Serie A,Atalanta,Mitchel Bakker,NED,24-333,1,22,0,0,77.8,60.0,2.7,23.0,42.0,57.0
ITA-Serie A,Atalanta,Mitchel Bakker,NED,24-333,1,22,0,0,77.8,0.0,0.0,0.0,1.0,1.0
ITA-Serie A,Atalanta,Éderson,BRA,25-316,36,2845,31,29,86.4,74.7,4.3,37.0,190.0,212.0
ITA-Serie A,Bologna,Giovanni Fabbian,ITA,22-125,29,1013,6,7,72.0,33.3,1.2,8.0,15.0,16.0
ITA-Serie A,Bologna,Kacper Urbanski,POL,20-254,7,247,2,5,84.1,70.0,0.5,9.0,14.0,15.0
ITA-Serie A,Bologna,Kacper Urbanski,POL,20-254,7,247,2,5,86.3,86.7,0.1,4.0,30.0,41.0
ITA-Serie A,Bologna,Kacper Urbanski,POL,20-254,8,500,2,5,84.1,70.0,0.5,9.0,14.0,15.0
ITA-Serie A,Bologna,Kacper Urbanski,POL,20-254,8,500,2,5,86.3,86.7,0.1,4.0,30.0,41.0
ITA-Serie A,Bologna,Lewis Ferguson,SCO,25-268,15,893,12,9,87.8,70.2,1.0,11.0,56.0,47.0
ITA-Serie A,Bologna,Michel Aebischer,SUI,28-133,13,679,12,4,87.9,80.0,0.3,7.0,40.0,29.0
ITA-Serie A,Bologna,Nikola Moro,CRO,27-068,22,1208,27,18,80.2,67.1,0.8,20.0,98.0,93.0
ITA-Serie A,Bologna,Oussama El Azzouzi,MAR,23-355,2,19,0,0,94.4,100.0,0.0,0.0,2.0,4.0
ITA-Serie A,Bologna,Remo Freuler,SUI,33-034,36,3124,40,37,88.0,63.9,1.4,34.0,197.0,202.0
ITA-Serie A,Bologna,Tommaso Pobega,ITA,25-308,20,1133,19,15,82.1,51.1,1.4,12.0,47.0,37.0
ITA-Serie A,Cagliari,Alessandro Deiola,ITA,29-291,28,1342,19,26,73.8,58.9,0.7,5.0,44.0,39.0
ITA-Serie A,Cagliari,Antoine Makoumbou,CGO,26-305,32,2094,23,25,89.0,58.1,0.9,8.0,69.0,89.0
ITA-Serie A,Cagliari,Matteo Prati,ITA,21-142,12,570,4,5,72.0,44.1,0.7,6.0,20.0,23.0
ITA-Serie A,Cagliari,Michel Ndary Adopo,FRA,24-304,34,2319,32,20,83.0,65.6,2.4,19.0,88.0,103.0
ITA-Serie A,Cagliari,Răzvan Marin,ROU,28-361,32,1372,13,6,76.0,46.9,3.6,33.0,54.0,80.0
ITA-Serie A,Como,Ben Lhassine Kone,CIV,25-066,4,51,2,0,95.8,100.0,0.0,0.0,3.0,3.0
ITA-Serie A,Como,Daniele Baselli,ITA,33-068,2,22,0,0,88.9,50.0,0.0,0.0,2.0,4.0
ITA-Serie A,Como,Luca Mazzitelli,ITA,29-185,11,335,6,5,79.2,65.5,0.6,6.0,21.0,27.0
ITA-Serie A,Como,Lucas Da Cunha,FRA,23-344,35,2523,21,17,84.6,56.9,3.7,55.0,134.0,144.0
ITA-Serie A,Como,Matthias Braunöder,AUT,23-053,8,268,4,3,87.7,62.5,0.0,0.0,13.0,18.0
ITA-Serie A,Como,Maxence Caqueret,FRA,25-093,9,573,19,15,79.9,60.7,0.4,10.0,39.0,50.0
ITA-Serie A,Como,Maxence Caqueret,FRA,25-093,9,573,19,15,83.2,71.1,1.5,19.0,66.0,73.0
ITA-Serie A,Como,Maxence Caqueret,FRA,25-093,17,1043,19,15,79.9,60.7,0.4,10.0,39.0,50.0
ITA-Serie A,Como,Maxence Caqueret,FRA,25-093,17,1043,19,15,83.2,71.1,1.5,19.0,66.0,73.0
ITA-Serie A,Como,Máximo Perrone,ARG,22-132,25,1805,27,14,90.3,70.7,2.2,29.0,94.0,95.0
ITA-Serie A,Como,Sergi Roberto,ESP,33-101,13,696,8,7,90.3,68.4,0.7,15.0,28.0,36.0
ITA-Serie A,Empoli,Alberto Grassi,ITA,30-073,27,2113,21,22,74.6,43.9,0.8,7.0,58.0,67.0
ITA-Serie A,Empoli,Faustino Anjorin,ENG,23-177,21,1083,12,18,80.0,51.0,1.7,17.0,41.0,53.0
ITA-Serie A,Empoli,Jacopo Bacci,ITA,19-334,3,31,0,0,54.5,50.0,0.0,0.0,1.0,1.0
ITA-Serie A,Empoli,Jacopo Fazzini,ITA,22-064,19,1293,19,13,72.4,40.0,0.5,11.0,25.0,45.0
ITA-Serie A,Empoli,Liam Henderson,SCO,29-024,35,2278,21,19,72.9,40.9,3.8,32.0,90.0,106.0
ITA-Serie A,Empoli,Nicolas Haas,SUI,29-116,10,287,8,2,81.8,55.6,0.1,2.0,5.0,9.0
ITA-Serie A,Empoli,Petar Stojanović,SVN,29-224,1,3,0,0,33.3,0.0,0.0,0.0,0.0,0.0
ITA-Serie A,Empoli,Szymon Żurkowski,POL,27-236,5,106,4,3,81.8,0.0,0.0,0.0,0.0,1.0
ITA-Serie A,Empoli,Viktor Kovalenko,UKR,29-094,6,77,1,0,70.3,33.3,0.0,0.0,4.0,4.0
ITA-Serie A,Empoli,Youssef Maleh,MAR,26-270,22,1510,23,25,71.1,48.6,0.9,12.0,62.0,72.0
ITA-Serie A,Fiorentina,Alessandro Bianco,ITA,22-230,1,18,0,0,75.0,100.0,0.0,0.0,1.0,0.0
ITA-Serie A,Fiorentina,Alessandro Bianco,ITA,22-230,1,18,0,0,86.0,72.3,1.2,18.0,139.0,124.0
ITA-Serie A,Fiorentina,Alessandro Bianco,ITA,22-230,33,2510,0,0,75.0,100.0,0.0,0.0,1.0,0.0
ITA-Serie A,Fiorentina,Alessandro Bianco,ITA,22-230,33,2510,0,0,86.0,72.3,1.2,18.0,139.0,124.0
ITA-Serie A,Fiorentina,Amir Richardson,MAR,23-115,26,1029,11,12,87.4,68.4,0.5,7.0,43.0,45.0
ITA-Serie A,Fiorentina,Danilo Cataldi,ITA,30-286,25,1728,16,17,84.5,53.4,0.8,15.0,83.0,90.0
ITA-Serie A,Fiorentina,Nicolò Fagioli,ITA,24-096,14,872,10,9,82.7,55.8,2.0,16.0,35.0,36.0
ITA-Serie A,Fiorentina,Nicolò Fagioli,ITA,24-096,14,872,10,9,88.5,62.8,0.1,4.0,36.0,41.0
ITA-Serie A,Fiorentina,Nicolò Fagioli,ITA,24-096,17,571,10,9,82.7,55.8,2.0,16.0,35.0,36.0
ITA-Serie A,Fiorentina,Nicolò Fagioli,ITA,24-096,17,571,10,9,88.5,62.8,0.1,4.0,36.0,41.0
ITA-Serie A,Fiorentina,Rolando Mandragora,ITA,27-324,28,1841,11,22,77.9,53.2,4.2,27.0,69.0,86.0
ITA-Serie A,Fiorentina,Sofyan Amrabat,MAR,28-271,2,180,2,1,84.2,65.0,0.1,2.0,10.0,14.0
ITA-Serie A,Fiorentina,Yacine Adli,FRA,24-294,26,1234,19,13,80.7,60.1,2.4,23.0,84.0,103.0
ITA-Serie A,Genoa,Emil Bohinen,NOR,26-068,3,166,4,2,80.2,80.0,0.1,3.0,1.0,5.0
ITA-Serie A,Genoa,Federico Accornero,ITA,21-103,1,5,0,0,66.7,0.0,0.0,0.0,0.0,0.0
ITA-Serie A,Genoa,Gastón Pereiro,URU,29-342,2,31,0,0,73.3,100.0,0.0,0.0,1.0,2.0
ITA-Serie A,Genoa,Jean Onana,CMR,25-131,8,214,6,3,82.5,77.8,0.1,2.0,6.0,8.0
ITA-Serie A,Genoa,Milan Badelj,CRO,36-083,23,1472,16,19,81.5,53.6,1.1,12.0,73.0,83.0
ITA-Serie A,Genoa,Morten Frendrup,DEN,24-042,35,3103,61,62,85.4,61.5,0.9,14.0,79.0,106.0
ITA-Serie A,Genoa,Patrizio Masini,ITA,24-112,25,1448,28,24,76.6,56.3,0.2,6.0,29.0,43.0
ITA-Serie A,Hellas Verona,Antoine Bernede,FRA,25-358,13,584,8,6,73.6,51.5,0.5,10.0,25.0,29.0
ITA-Serie A,Hellas Verona,Cheikh Tidiane Niasse,SEN,25-120,11,755,15,17,80.0,81.8,0.1,3.0,16.0,25.0
ITA-Serie A,Hellas Verona,Daniel Bandeira,POR,25-038,11,407,0,2,82.6,51.9,0.1,3.0,18.0,25.0
ITA-Serie A,Hellas Verona,Ondrej Duda,SVK,30-165,27,2305,26,26,78.5,51.1,3.1,31.0,100.0,116.0
ITA-Serie A,Hellas Verona,Reda Belahyane,MAR,20-352,22,1658,26,20,83.7,47.0,1.0,16.0,71.0,73.0
ITA-Serie A,Hellas Verona,Reda Belahyane,MAR,20-352,22,1658,26,20,90.4,71.4,0.0,0.0,9.0,10.0
ITA-Serie A,Hellas Verona,Reda Belahyane,MAR,20-352,6,198,26,20,83.7,47.0,1.0,16.0,71.0,73.0
ITA-Serie A,Hellas Verona,Reda Belahyane,MAR,20-352,6,198,26,20,90.4,71.4,0.0,0.0,9.0,10.0
ITA-Serie A,Hellas Verona,Suat Serdar,GER,28-038,21,1296,19,19,75.1,63.3,1.0,9.0,46.0,52.0
ITA-Serie A,Inter,Davide Frattesi,ITA,25-209,28,1225,8,12,82.5,81.3,0.8,7.0,20.0,31.0
ITA-Serie A,Inter,Hakan Çalhanoğlu,TUR,31-100,28,1888,23,16,86.6,67.6,5.4,47.0,140.0,170.0
ITA-Serie A,Inter,Henrikh Mkhitaryan,ARM,36-118,32,2396,24,29,87.4,81.1,2.7,29.0,156.0,199.0
ITA-Serie A,Inter,Kristjan Asllani,ALB,23-071,21,898,2,8,89.5,68.7,1.9,15.0,67.0,52.0
ITA-Serie A,Inter,Nicolò Barella,ITA,28-101,32,2462,31,25,81.9,63.6,4.5,55.0,167.0,231.0
ITA-Serie A,Inter,Piotr Zieliński,POL,30-364,26,980,10,10,89.5,57.6,0.9,14.0,77.0,65.0
ITA-Serie A,Juventus,Douglas Luiz,BRA,27-010,19,529,8,5,86.5,69.4,1.0,15.0,19.0,35.0
ITA-Serie A,Juventus,Khéphren Thuram,FRA,24-054,34,2236,18,31,88.4,67.1,3.6,25.0,121.0,117.0
ITA-Serie A,Juventus,Manuel Locatelli,ITA,27-131,35,2732,47,55,87.9,72.9,2.5,29.0,318.0,290.0
ITA-Serie A,Juventus,Nicolò Fagioli,ITA,24-096,14,872,10,4,82.7,55.8,2.0,16.0,35.0,36.0
ITA-Serie A,Juventus,Nicolò Fagioli,ITA,24-096,14,872,10,4,88.5,62.8,0.1,4.0,36.0,41.0
ITA-Serie A,Juventus,Nicolò Fagioli,ITA,24-096,17,571,10,4,82.7,55.8,2.0,16.0,35.0,36.0
ITA-Serie A,Juventus,Nicolò Fagioli,ITA,24-096,17,571,10,4,88.5,62.8,0.1,4.0,36.0,41.0
ITA-Serie A,Lazio,Mattéo Guendouzi,FRA,26-035,36,3180,20,33,89.9,76.4,3.2,42.0,277.0,307.0
ITA-Serie A,Lazio,Matías Vecino,URU,33-268,19,862,7,8,81.1,77.1,2.4,11.0,32.0,29.0
ITA-Serie A,Lazio,Nicolò Rovella,ITA,23-166,32,2643,48,19,89.7,69.0,2.2,30.0,161.0,149.0
ITA-Serie A,Lazio,Reda Belahyane,MAR,20-352,22,1658,6,3,83.7,47.0,1.0,16.0,71.0,73.0
ITA-Serie A,Lazio,Reda Belahyane,MAR,20-352,22,1658,6,3,90.4,71.4,0.0,0.0,9.0,10.0
ITA-Serie A,Lazio,Reda Belahyane,MAR,20-352,6,198,6,3,83.7,47.0,1.0,16.0,71.0,73.0
ITA-Serie A,Lazio,Reda Belahyane,MAR,20-352,6,198,6,3,90.4,71.4,0.0,0.0,9.0,10.0
ITA-Serie A,Lecce,Balthazar Pierret,FRA,25-004,30,1723,31,19,83.6,51.0,0.4,10.0,80.0,82.0
ITA-Serie A,Lecce,Hamza Rafia,TUN,26-047,18,1058,27,7,77.6,47.8,1.4,16.0,47.0,51.0
ITA-Serie A,Lecce,Lassana Coulibaly,MLI,29-039,37,2577,29,42,81.7,71.3,0.9,11.0,67.0,92.0
ITA-Serie A,Lecce,Medon Berisha,ALB,21-210,16,657,8,6,78.5,62.1,0.6,10.0,45.0,41.0
ITA-Serie A,Lecce,Mohamed Kaba,FRA,23-204,14,421,8,10,81.5,46.2,0.0,1.0,18.0,18.0
ITA-Serie A,Lecce,Ylber Ramadani,ALB,29-037,28,1735,28,26,82.3,63.1,1.1,16.0,52.0,61.0
ITA-Serie A,Lecce,Þórir Jóhann Helgason,ISL,24-233,20,1124,7,7,64.2,47.9,1.1,22.0,23.0,38.0
ITA-Serie A,Milan,Ismaël Bennacer,ALG,27-169,12,646,4,5,91.0,64.0,1.8,13.0,83.0,72.0
ITA-Serie A,Milan,Ismaël Bennacer,ALG,27-169,12,646,4,5,89.1,66.7,0.1,4.0,22.0,23.0
ITA-Serie A,Milan,Ismaël Bennacer,ALG,27-169,6,300,4,5,91.0,64.0,1.8,13.0,83.0,72.0
ITA-Serie A,Milan,Ismaël Bennacer,ALG,27-169,6,300,4,5,89.1,66.7,0.1,4.0,22.0,23.0
ITA-Serie A,Milan,João Félix,POR,25-190,12,369,6,2,85.9,66.7,1.0,6.0,22.0,26.0
ITA-Serie A,Milan,João Félix,POR,25-190,12,369,6,2,80.4,61.5,0.9,9.0,25.0,36.0
ITA-Serie A,Milan,João Félix,POR,25-190,14,681,6,2,85.9,66.7,1.0,6.0,22.0,26.0
ITA-Serie A,Milan,João Félix,POR,25-190,14,681,6,2,80.4,61.5,0.9,9.0,25.0,36.0
ITA-Serie A,Milan,Kevin Zeroli,ITA,20-128,1,12,1,0,74.0,60.0,0.5,2.0,6.0,5.0
ITA-Serie A,Milan,Kevin Zeroli,ITA,20-128,8,395,1,0,74.0,60.0,0.5,2.0,6.0,5.0
ITA-Serie A,Milan,Mattia Liberali,ITA,18-043,1,61,1,0,77.4,0.0,0.0,1.0,4.0,5.0
ITA-Serie A,Milan,Ruben Loftus-Cheek,ENG,29-116,18,947,7,3,88.5,83.3,1.8,15.0,34.0,48.0
ITA-Serie A,Milan,Tijjani Reijnders,NED,26-294,36,3038,13,22,87.1,69.8,3.2,44.0,129.0,218.0
ITA-Serie A,Milan,Warren Bondo,FRA,21-246,4,162,3,1,91.7,100.0,0.1,1.0,9.0,7.0
ITA-Serie A,Milan,Warren Bondo,FRA,21-246,4,162,3,1,88.9,65.1,0.3,5.0,35.0,39.0
ITA-Serie A,Milan,Warren Bondo,FRA,21-246,20,1618,3,1,91.7,100.0,0.1,1.0,9.0,7.0
ITA-Serie A,Milan,Warren Bondo,FRA,21-246,20,1618,3,1,88.9,65.1,0.3,5.0,35.0,39.0
ITA-Serie A,Milan,Youssouf Fofana,FRA,26-129,34,2493,34,32,85.7,60.3,3.4,23.0,140.0,176.0
ITA-Serie A,Monza,Alessandro Bianco,ITA,22-230,1,18,28,39,75.0,100.0,0.0,0.0,1.0,0.0
ITA-Serie A,Monza,Alessandro Bianco,ITA,22-230,1,18,28,39,86.0,72.3,1.2,18.0,139.0,124.0
ITA-Serie A,Monza,Alessandro Bianco,ITA,22-230,33,2510,28,39,75.0,100.0,0.0,0.0,1.0,0.0
ITA-Serie A,Monza,Alessandro Bianco,ITA,22-230,33,2510,28,39,86.0,72.3,1.2,18.0,139.0,124.0
ITA-Serie A,Monza,Gaetano Castrovilli,ITA,28-091,9,148,7,8,84.6,100.0,0.7,2.0,7.0,10.0
ITA-Serie A,Monza,Gaetano Castrovilli,ITA,28-091,9,148,7,8,78.2,47.6,0.4,7.0,12.0,24.0
ITA-Serie A,Monza,Gaetano Castrovilli,ITA,28-091,11,575,7,8,84.6,100.0,0.7,2.0,7.0,10.0
ITA-Serie A,Monza,Gaetano Castrovilli,ITA,28-091,11,575,7,8,78.2,47.6,0.4,7.0,12.0,24.0
ITA-Serie A,Monza,Kacper Urbanski,POL,20-254,7,247,3,7,84.1,70.0,0.5,9.0,14.0,15.0
ITA-Serie A,Monza,Kacper Urbanski,POL,20-254,7,247,3,7,86.3,86.7,0.1,4.0,30.0,41.0
ITA-Serie A,Monza,Kacper Urbanski,POL,20-254,8,500,3,7,84.1,70.0,0.5,9.0,14.0,15.0
ITA-Serie A,Monza,Kacper Urbanski,POL,20-254,8,500,3,7,86.3,86.7,0.1,4.0,30.0,41.0
ITA-Serie A,Monza,Kevin Zeroli,ITA,20-128,1,12,2,6,74.0,60.0,0.5,2.0,6.0,5.0
ITA-Serie A,Monza,Kevin Zeroli,ITA,20-128,8,395,2,6,74.0,60.0,0.5,2.0,6.0,5.0
ITA-Serie A,Monza,Matteo Pessina,ITA,28-028,11,854,4,6,86.5,75.5,0.1,4.0,31.0,28.0
ITA-Serie A,Monza,Mattia Valoti,ITA,31-255,5,40,3,2,63.2,100.0,0.0,0.0,0.0,0.0
ITA-Serie A,Monza,Samuele Vignato,ITA,21-084,17,470,3,1,75.4,30.8,0.0,1.0,9.0,17.0
ITA-Serie A,Monza,Stefano Sensi,ITA,29-287,11,253,5,3,86.4,60.5,0.0,2.0,33.0,33.0
ITA-Serie A,Monza,Warren Bondo,FRA,21-246,4,162,24,16,91.7,100.0,0.1,1.0,9.0,7.0
ITA-Serie A,Monza,Warren Bondo,FRA,21-246,4,162,24,16,88.9,65.1,0.3,5.0,35.0,39.0
ITA-Serie A,Monza,Warren Bondo,FRA,21-246,20,1618,24,16,91.7,100.0,0.1,1.0,9.0,7.0
ITA-Serie A,Monza,Warren Bondo,FRA,21-246,20,1618,24,16,88.9,65.1,0.3,5.0,35.0,39.0
ITA-Serie A,Napoli,Andre-Frank Zambo Anguissa,CMR,29-184,34,2768,26,24,84.5,69.3,2.4,26.0,126.0,140.0
ITA-Serie A,Napoli,Billy Gilmour,SCO,23-342,2,98,13,6,86.6,57.1,0.0,0.0,12.0,11.0
ITA-Serie A,Napoli,Billy Gilmour,SCO,23-342,2,98,13,6,88.0,70.5,1.6,19.0,60.0,65.0
ITA-Serie A,Napoli,Billy Gilmour,SCO,23-342,25,1087,13,6,86.6,57.1,0.0,0.0,12.0,11.0
ITA-Serie A,Napoli,Billy Gilmour,SCO,23-342,25,1087,13,6,88.0,70.5,1.6,19.0,60.0,65.0
ITA-Serie A,Napoli,Philip Billing,DEN,28-342,10,184,6,4,68.6,26.7,1.1,9.0,9.0,15.0
ITA-Serie A,Napoli,Philip Billing,DEN,28-342,10,184,6,4,77.7,100.0,0.1,3.0,6.0,5.0
ITA-Serie A,Napoli,Philip Billing,DEN,28-342,9,191,6,4,68.6,26.7,1.1,9.0,9.0,15.0
ITA-Serie A,Napoli,Philip Billing,DEN,28-342,9,191,6,4,77.7,100.0,0.1,3.0,6.0,5.0
ITA-Serie A,Napoli,Scott McTominay,SCO,28-162,2,19,25,21,100.0,100.0,0.0,0.0,2.0,1.0
ITA-Serie A,Napoli,Scott McTominay,SCO,28-162,2,19,25,21,83.8,71.8,2.5,23.0,66.0,109.0
ITA-Serie A,Napoli,Scott McTominay,SCO,28-162,33,2848,25,21,100.0,100.0,0.0,0.0,2.0,1.0
ITA-Serie A,Napoli,Scott McTominay,SCO,28-162,33,2848,25,21,83.8,71.8,2.5,23.0,66.0,109.0
ITA-Serie A,Napoli,Stanislav Lobotka,SVK,30-175,32,2636,30,29,90.8,83.0,1.2,17.0,110.0,118.0
ITA-Serie A,Parma,Adrian Bernabe,ESP,23-358,20,1370,18,22,83.5,64.8,1.0,21.0,96.0,107.0
ITA-Serie A,Parma,Hernani,BRA,31-053,24,1282,24,26,74.9,57.5,1.3,24.0,44.0,72.0
ITA-Serie A,Parma,Mandela Keita,BEL,23-009,29,1819,25,18,90.5,80.3,1.0,15.0,55.0,50.0
ITA-Serie A,Parma,Mohamed Haj,TUN,20-054,15,453,1,3,78.1,50.0,1.2,9.0,12.0,13.0
ITA-Serie A,Parma,Nahuel Estévez,ARG,29-186,13,644,5,9,75.8,50.0,0.8,6.0,26.0,29.0
ITA-Serie A,Parma,Simon Sohm,SUI,24-038,36,2912,17,10,85.0,65.6,2.0,19.0,117.0,139.0
ITA-Serie A,Parma,Wylan Cyprien,FRA,30-111,2,28,0,1,66.7,60.0,0.0,0.0,2.0,2.0
ITA-Serie A,Roma,Bryan Cristante,ITA,30-077,29,1955,28,19,82.4,61.5,1.3,16.0,138.0,136.0
ITA-Serie A,Roma,Enzo Le Fée,FRA,25-105,6,318,4,9,85.9,54.2,0.1,3.0,26.0,28.0
ITA-Serie A,Roma,Leandro Paredes,ARG,30-324,21,1284,14,13,87.6,63.6,1.5,21.0,100.0,99.0
ITA-Serie A,Roma,Lorenzo Pellegrini,ITA,28-334,25,1626,16,8,79.5,49.4,2.5,27.0,35.0,61.0
ITA-Serie A,Roma,Lucas Gourna-Douath,FRA,21-287,6,229,4,1,91.2,100.0,0.1,2.0,11.0,9.0
ITA-Serie A,Roma,Manu Koné,FRA,24-002,33,2482,25,26,91.0,86.2,1.4,18.0,109.0,138.0
ITA-Serie A,Roma,Niccolò Pisilli,ITA,20-238,27,1226,10,14,83.5,63.5,0.7,10.0,67.0,63.0
ITA-Serie A,Torino,Cesare Casadei,ITA,22-129,14,959,5,3,79.1,72.2,0.4,7.0,33.0,35.0
ITA-Serie A,Torino,Gvidas Gineitis,LTU,21-034,29,1398,15,16,74.5,47.1,2.0,21.0,38.0,36.0
ITA-Serie A,Torino,Ivan Ilić,SRB,24-063,19,920,2,0,83.4,71.4,1.1,9.0,39.0,45.0
ITA-Serie A,Torino,Karol Linetty,POL,30-106,27,1521,23,14,84.9,72.1,0.9,10.0,45.0,47.0
ITA-Serie A,Torino,Samuele Ricci,ITA,23-271,33,2754,19,21,87.6,68.3,0.5,12.0,95.0,107.0
ITA-Serie A,Udinese,Jesper Karlström,SWE,29-332,36,3096,33,28,83.3,59.1,1.1,21.0,136.0,134.0
ITA-Serie A,Udinese,Jurgen Ekkelenkamp,NED,25-044,33,1802,24,25,80.1,62.2,1.3,15.0,41.0,70.0
ITA-Serie A,Udinese,Martín Payero,ARG,26-250,25,1381,16,16,77.8,52.7,1.3,15.0,46.0,51.0
ITA-Serie A,Udinese,Oier Zarraga,ESP,26-135,21,857,11,8,82.6,56.7,0.4,6.0,24.0,26.0
ITA-Serie A,Udinese,Sandi Lovrić,SVN,27-052,36,2308,29,33,78.7,55.8,3.4,32.0,81.0,120.0
ITA-Serie A,Venezia,Alfred Duncan,GHA,32-070,16,957,8,7,81.1,50.0,1.1,11.0,37.0,53.0
ITA-Serie A,Venezia,Cheick Oumar Conde,GUI,24-297,9,151,5,7,66.7,50.0,0.0,1.0,6.0,8.0
ITA-Serie A,Venezia,Domen Črnigoj,SVN,29-182,8,136,2,5,51.0,12.5,0.0,0.0,1.0,4.0
ITA-Serie A,Venezia,Gianluca Busio,USA,22-356,33,2518,31,36,75.9,60.3,1.6,28.0,46.0,95.0
ITA-Serie A,Venezia,Hans Nicolussi Caviglia,ITA,24-335,34,2771,28,38,79.2,55.7,2.2,28.0,117.0,130.0
ITA-Serie A,Venezia,Issa Doumbia,CIV,21-215,23,863,8,16,74.7,30.8,0.1,3.0,16.0,22.0
ITA-Serie A,Venezia,Kike Pérez,ESP,28-094,19,1191,25,14,78.0,53.3,1.0,17.0,47.0,67.0
ITA-Serie A,Venezia,Kike Pérez,ESP,28-094,19,1191,25,14,74.6,50.5,1.2,16.0,55.0,55.0
ITA-Serie A,Venezia,Kike Pérez,ESP,28-094,15,1091,25,14,78.0,53.3,1.0,17.0,47.0,67.0
ITA-Serie A,Venezia,Kike Pérez,ESP,28-094,15,1091,25,14,74.6,50.5,1.2,16.0,55.0,55.0
ITA-Serie A,Venezia,Magnus Kofod Andersen,DEN,26-009,14,695,4,7,79.9,45.0,0.5,9.0,18.0,24.0
ITA-Serie A,Venezia,Nicholas Pierini,ITA,26-286,2,83,0,2,75.0,50.0,0.1,2.0,1.0,2.0
ITA-Serie A,Venezia,Saad El Haddad,MAR,19-299,3,30,0,0,78.6,100.0,0.0,1.0,1.0,1.0
